timestamp,discrete_visit_planningarea,hyperUnique_unique_agents,longSum_total_records,discrete_visit_planningregion,discrete_visit_subzone
2018-01-01T00:00:00.000+08:00,CR,96968,1071102,BM,BMSZ01
2018-01-01T00:00:00.000+08:00,CR,18918,277132,BM,BMSZ02
2018-01-01T00:00:00.000+08:00,CR,14712,100543,BM,BMSZ03
2018-01-01T00:00:00.000+08:00,CR,46197,394151,BM,BMSZ04
2018-01-01T00:00:00.000+08:00,CR,21460,245515,BM,BMSZ05
2018-01-01T00:00:00.000+08:00,CR,17520,163303,BM,BMSZ06
2018-01-01T00:00:00.000+08:00,CR,52086,795627,BM,BMSZ07
2018-01-01T00:00:00.000+08:00,CR,23660,379939,BM,BMSZ08
2018-01-01T00:00:00.000+08:00,CR,46683,659309,BM,BMSZ09
2018-01-01T00:00:00.000+08:00,CR,35583,345110,BM,BMSZ10
2018-01-01T00:00:00.000+08:00,CR,33187,296282,BM,BMSZ11
2018-01-01T00:00:00.000+08:00,CR,7277,53760,BM,BMSZ12
2018-01-01T00:00:00.000+08:00,CR,21025,454727,BM,BMSZ13
2018-01-01T00:00:00.000+08:00,CR,20241,327434,BM,BMSZ14
2018-01-01T00:00:00.000+08:00,CR,19356,304387,BM,BMSZ15
2018-01-01T00:00:00.000+08:00,CR,44491,470698,BM,BMSZ16
2018-01-01T00:00:00.000+08:00,CR,62969,453501,BM,BMSZ17
2018-01-01T00:00:00.000+08:00,CR,49411,1143881,BS,BSSZ01
2018-01-01T00:00:00.000+08:00,CR,42281,536522,BS,BSSZ02
2018-01-01T00:00:00.000+08:00,CR,93381,981877,BS,BSSZ03
2018-01-01T00:00:00.000+08:00,CR,50921,1007888,BT,BTSZ01
2018-01-01T00:00:00.000+08:00,CR,16452,240044,BT,BTSZ02
2018-01-01T00:00:00.000+08:00,CR,15278,349286,BT,BTSZ03
2018-01-01T00:00:00.000+08:00,CR,14558,344083,BT,BTSZ04
2018-01-01T00:00:00.000+08:00,CR,56009,404278,BT,BTSZ05
2018-01-01T00:00:00.000+08:00,CR,43582,647698,BT,BTSZ06
2018-01-01T00:00:00.000+08:00,CR,21669,431040,BT,BTSZ07
2018-01-01T00:00:00.000+08:00,CR,17863,219767,BT,BTSZ08
2018-01-01T00:00:00.000+08:00,CR,114998,725078,DT,DTSZ01
2018-01-01T00:00:00.000+08:00,CR,106512,685650,DT,DTSZ02
2018-01-01T00:00:00.000+08:00,CR,109854,926539,DT,DTSZ03
2018-01-01T00:00:00.000+08:00,CR,13973,56051,DT,DTSZ04
2018-01-01T00:00:00.000+08:00,CR,61926,296366,DT,DTSZ05
2018-01-01T00:00:00.000+08:00,CR,44561,249707,DT,DTSZ06
2018-01-01T00:00:00.000+08:00,CR,3645,38808,DT,DTSZ07
2018-01-01T00:00:00.000+08:00,CR,32971,239379,DT,DTSZ08
2018-01-01T00:00:00.000+08:00,CR,19416,180959,DT,DTSZ09
2018-01-01T00:00:00.000+08:00,CR,18229,211968,DT,DTSZ10
2018-01-01T00:00:00.000+08:00,CR,28285,234178,DT,DTSZ11
2018-01-01T00:00:00.000+08:00,CR,98022,935960,DT,DTSZ12
2018-01-01T00:00:00.000+08:00,CR,50765,743949,GL,GLSZ01
2018-01-01T00:00:00.000+08:00,CR,40023,669453,GL,GLSZ02
2018-01-01T00:00:00.000+08:00,CR,82729,1125734,GL,GLSZ03
2018-01-01T00:00:00.000+08:00,CR,182358,3865888,GL,GLSZ04
2018-01-01T00:00:00.000+08:00,CR,105984,1717767,GL,GLSZ05
2018-01-01T00:00:00.000+08:00,CR,113721,1651095,KL,KLSZ01
2018-01-01T00:00:00.000+08:00,CR,31419,384326,KL,KLSZ02
2018-01-01T00:00:00.000+08:00,CR,15210,179330,KL,KLSZ03
2018-01-01T00:00:00.000+08:00,CR,31288,107835,KL,KLSZ04
2018-01-01T00:00:00.000+08:00,CR,81258,713553,KL,KLSZ05
2018-01-01T00:00:00.000+08:00,CR,112008,1210460,KL,KLSZ06
2018-01-01T00:00:00.000+08:00,CR,83722,883694,KL,KLSZ07
2018-01-01T00:00:00.000+08:00,CR,37005,297724,KL,KLSZ08
2018-01-01T00:00:00.000+08:00,CR,63603,765351,KL,KLSZ09
2018-01-01T00:00:00.000+08:00,CR,48785,187939,ME,MESZ01
2018-01-01T00:00:00.000+08:00,CR,32353,630970,MP,MPSZ01
2018-01-01T00:00:00.000+08:00,CR,38992,630150,MP,MPSZ02
2018-01-01T00:00:00.000+08:00,CR,71608,1483715,MP,MPSZ03
2018-01-01T00:00:00.000+08:00,CR,33507,168060,MS,MSSZ01
2018-01-01T00:00:00.000+08:00,CR,81016,296487,MU,MUSZ01
2018-01-01T00:00:00.000+08:00,CR,37778,177741,MU,MUSZ02
2018-01-01T00:00:00.000+08:00,CR,22924,184243,MU,MUSZ03
2018-01-01T00:00:00.000+08:00,CR,30699,300372,NT,NTSZ01
2018-01-01T00:00:00.000+08:00,CR,6180,63577,NT,NTSZ02
2018-01-01T00:00:00.000+08:00,CR,29977,146405,NT,NTSZ03
2018-01-01T00:00:00.000+08:00,CR,28824,528266,NT,NTSZ04
2018-01-01T00:00:00.000+08:00,CR,8266,13383,NT,NTSZ05
2018-01-01T00:00:00.000+08:00,CR,12574,100910,NT,NTSZ06
2018-01-01T00:00:00.000+08:00,CR,102430,1638735,NV,NVSZ01
2018-01-01T00:00:00.000+08:00,CR,85273,994093,NV,NVSZ02
2018-01-01T00:00:00.000+08:00,CR,27401,312271,NV,NVSZ03
2018-01-01T00:00:00.000+08:00,CR,39816,183161,NV,NVSZ04
2018-01-01T00:00:00.000+08:00,CR,4571,37036,NV,NVSZ05
2018-01-01T00:00:00.000+08:00,CR,26368,426364,OR,ORSZ01
2018-01-01T00:00:00.000+08:00,CR,109736,1668186,OR,ORSZ02
2018-01-01T00:00:00.000+08:00,CR,101307,1139161,OR,ORSZ03
2018-01-01T00:00:00.000+08:00,CR,77568,747313,OT,OTSZ01
2018-01-01T00:00:00.000+08:00,CR,71912,150502,OT,OTSZ02
2018-01-01T00:00:00.000+08:00,CR,68874,743498,OT,OTSZ03
2018-01-01T00:00:00.000+08:00,CR,33847,224645,OT,OTSZ04
2018-01-01T00:00:00.000+08:00,CR,24847,343675,QT,QTSZ01
2018-01-01T00:00:00.000+08:00,CR,18811,351070,QT,QTSZ02
2018-01-01T00:00:00.000+08:00,CR,10344,149807,QT,QTSZ03
2018-01-01T00:00:00.000+08:00,CR,43181,316547,QT,QTSZ04
2018-01-01T00:00:00.000+08:00,CR,25422,439021,QT,QTSZ05
2018-01-01T00:00:00.000+08:00,CR,52379,740533,QT,QTSZ06
2018-01-01T00:00:00.000+08:00,CR,7495,74909,QT,QTSZ07
2018-01-01T00:00:00.000+08:00,CR,27481,264327,QT,QTSZ08
2018-01-01T00:00:00.000+08:00,CR,31348,277266,QT,QTSZ09
2018-01-01T00:00:00.000+08:00,CR,39243,400233,QT,QTSZ10
2018-01-01T00:00:00.000+08:00,CR,33097,488187,QT,QTSZ11
2018-01-01T00:00:00.000+08:00,CR,15806,117206,QT,QTSZ12
2018-01-01T00:00:00.000+08:00,CR,14398,267303,QT,QTSZ13
2018-01-01T00:00:00.000+08:00,CR,23718,366479,QT,QTSZ14
2018-01-01T00:00:00.000+08:00,CR,34880,759553,QT,QTSZ15
2018-01-01T00:00:00.000+08:00,CR,139734,1096516,RC,RCSZ01
2018-01-01T00:00:00.000+08:00,CR,106913,833034,RC,RCSZ02
2018-01-01T00:00:00.000+08:00,CR,79115,479597,RC,RCSZ03
2018-01-01T00:00:00.000+08:00,CR,27531,159389,RC,RCSZ05
2018-01-01T00:00:00.000+08:00,CR,28187,98244,RC,RCSZ06
2018-01-01T00:00:00.000+08:00,CR,8905,164994,RC,RCSZ07
2018-01-01T00:00:00.000+08:00,CR,35670,377197,RC,RCSZ08
2018-01-01T00:00:00.000+08:00,CR,38545,226359,RC,RCSZ09
2018-01-01T00:00:00.000+08:00,CR,65730,514852,RC,RCSZ10
2018-01-01T00:00:00.000+08:00,CR,9658,186528,RV,RVSZ01
2018-01-01T00:00:00.000+08:00,CR,2789,4000,RV,RVSZ02
2018-01-01T00:00:00.000+08:00,CR,13268,246407,RV,RVSZ03
2018-01-01T00:00:00.000+08:00,CR,40,40,RV,RVSZ04
2018-01-01T00:00:00.000+08:00,CR,34943,583702,RV,RVSZ05
2018-01-01T00:00:00.000+08:00,CR,78539,1483718,SI,SISZ01
2018-01-01T00:00:00.000+08:00,CR,7788,43157,SI,SISZ02
2018-01-01T00:00:00.000+08:00,CR,24625,349534,SR,SRSZ01
2018-01-01T00:00:00.000+08:00,CR,65239,496580,SR,SRSZ02
2018-01-01T00:00:00.000+08:00,CR,21931,154073,SR,SRSZ03
2018-01-01T00:00:00.000+08:00,CR,18206,113242,SV,SVSZ01
2018-01-01T00:00:00.000+08:00,CR,39949,839606,TN,TNSZ01
2018-01-01T00:00:00.000+08:00,CR,26328,450602,TN,TNSZ02
2018-01-01T00:00:00.000+08:00,CR,45719,489258,TN,TNSZ03
2018-01-01T00:00:00.000+08:00,CR,33182,277220,TN,TNSZ04
2018-01-01T00:00:00.000+08:00,CR,45904,532576,TP,TPSZ01
2018-01-01T00:00:00.000+08:00,CR,62887,1069169,TP,TPSZ02
2018-01-01T00:00:00.000+08:00,CR,22438,307706,TP,TPSZ03
2018-01-01T00:00:00.000+08:00,CR,18233,311095,TP,TPSZ04
2018-01-01T00:00:00.000+08:00,CR,48002,333150,TP,TPSZ05
2018-01-01T00:00:00.000+08:00,CR,17230,319480,TP,TPSZ06
2018-01-01T00:00:00.000+08:00,CR,5423,92480,TP,TPSZ07
2018-01-01T00:00:00.000+08:00,CR,28655,487091,TP,TPSZ09
2018-01-01T00:00:00.000+08:00,CR,12034,16389,TP,TPSZ10
2018-01-01T00:00:00.000+08:00,CR,15194,18974,TP,TPSZ11
2018-01-01T00:00:00.000+08:00,CR,29607,702586,TP,TPSZ12
2018-01-02T00:00:00.000+08:00,CR,79870,1002471,BM,BMSZ01
2018-01-02T00:00:00.000+08:00,CR,29797,361295,BM,BMSZ02
2018-01-02T00:00:00.000+08:00,CR,17179,104298,BM,BMSZ03
2018-01-02T00:00:00.000+08:00,CR,54439,405389,BM,BMSZ04
2018-01-02T00:00:00.000+08:00,CR,33288,419777,BM,BMSZ05
2018-01-02T00:00:00.000+08:00,CR,23385,181614,BM,BMSZ06
2018-01-02T00:00:00.000+08:00,CR,74245,939175,BM,BMSZ07
2018-01-02T00:00:00.000+08:00,CR,26210,386120,BM,BMSZ08
2018-01-02T00:00:00.000+08:00,CR,55500,674081,BM,BMSZ09
2018-01-02T00:00:00.000+08:00,CR,46780,342008,BM,BMSZ10
2018-01-02T00:00:00.000+08:00,CR,42109,314549,BM,BMSZ11
2018-01-02T00:00:00.000+08:00,CR,10519,99537,BM,BMSZ12
2018-01-02T00:00:00.000+08:00,CR,29889,497709,BM,BMSZ13
2018-01-02T00:00:00.000+08:00,CR,26850,340077,BM,BMSZ14
2018-01-02T00:00:00.000+08:00,CR,21843,307059,BM,BMSZ15
2018-01-02T00:00:00.000+08:00,CR,67357,598240,BM,BMSZ16
2018-01-02T00:00:00.000+08:00,CR,77363,558284,BM,BMSZ17
2018-01-02T00:00:00.000+08:00,CR,70697,1276106,BS,BSSZ01
2018-01-02T00:00:00.000+08:00,CR,51247,566382,BS,BSSZ02
2018-01-02T00:00:00.000+08:00,CR,121925,1008534,BS,BSSZ03
2018-01-02T00:00:00.000+08:00,CR,72155,1141287,BT,BTSZ01
2018-01-02T00:00:00.000+08:00,CR,23456,245372,BT,BTSZ02
2018-01-02T00:00:00.000+08:00,CR,19516,357907,BT,BTSZ03
2018-01-02T00:00:00.000+08:00,CR,19601,343398,BT,BTSZ04
2018-01-02T00:00:00.000+08:00,CR,76888,463046,BT,BTSZ05
2018-01-02T00:00:00.000+08:00,CR,63897,728140,BT,BTSZ06
2018-01-02T00:00:00.000+08:00,CR,29746,440398,BT,BTSZ07
2018-01-02T00:00:00.000+08:00,CR,27001,227904,BT,BTSZ08
2018-01-02T00:00:00.000+08:00,CR,111687,771161,DT,DTSZ01
2018-01-02T00:00:00.000+08:00,CR,104208,844634,DT,DTSZ02
2018-01-02T00:00:00.000+08:00,CR,80082,1002353,DT,DTSZ03
2018-01-02T00:00:00.000+08:00,CR,25218,184761,DT,DTSZ04
2018-01-02T00:00:00.000+08:00,CR,102808,1114553,DT,DTSZ05
2018-01-02T00:00:00.000+08:00,CR,33689,283735,DT,DTSZ06
2018-01-02T00:00:00.000+08:00,CR,13709,122583,DT,DTSZ07
2018-01-02T00:00:00.000+08:00,CR,75142,771544,DT,DTSZ08
2018-01-02T00:00:00.000+08:00,CR,43583,496792,DT,DTSZ09
2018-01-02T00:00:00.000+08:00,CR,33634,349078,DT,DTSZ10
2018-01-02T00:00:00.000+08:00,CR,39269,895536,DT,DTSZ11
2018-01-02T00:00:00.000+08:00,CR,52888,570869,DT,DTSZ12
2018-01-02T00:00:00.000+08:00,CR,77574,1000563,GL,GLSZ01
2018-01-02T00:00:00.000+08:00,CR,51686,647275,GL,GLSZ02
2018-01-02T00:00:00.000+08:00,CR,126523,1554765,GL,GLSZ03
2018-01-02T00:00:00.000+08:00,CR,197648,3364984,GL,GLSZ04
2018-01-02T00:00:00.000+08:00,CR,124627,1806955,GL,GLSZ05
2018-01-02T00:00:00.000+08:00,CR,133399,1597486,KL,KLSZ01
2018-01-02T00:00:00.000+08:00,CR,44824,439935,KL,KLSZ02
2018-01-02T00:00:00.000+08:00,CR,15885,170508,KL,KLSZ03
2018-01-02T00:00:00.000+08:00,CR,31504,95702,KL,KLSZ04
2018-01-02T00:00:00.000+08:00,CR,82505,737967,KL,KLSZ05
2018-01-02T00:00:00.000+08:00,CR,102572,1113768,KL,KLSZ06
2018-01-02T00:00:00.000+08:00,CR,84370,889028,KL,KLSZ07
2018-01-02T00:00:00.000+08:00,CR,47902,490880,KL,KLSZ08
2018-01-02T00:00:00.000+08:00,CR,67273,804191,KL,KLSZ09
2018-01-02T00:00:00.000+08:00,CR,60934,222581,ME,MESZ01
2018-01-02T00:00:00.000+08:00,CR,39771,618330,MP,MPSZ01
2018-01-02T00:00:00.000+08:00,CR,40014,613314,MP,MPSZ02
2018-01-02T00:00:00.000+08:00,CR,71188,1377594,MP,MPSZ03
2018-01-02T00:00:00.000+08:00,CR,37122,160207,MS,MSSZ01
2018-01-02T00:00:00.000+08:00,CR,77184,319908,MU,MUSZ01
2018-01-02T00:00:00.000+08:00,CR,28802,166959,MU,MUSZ02
2018-01-02T00:00:00.000+08:00,CR,23076,234818,MU,MUSZ03
2018-01-02T00:00:00.000+08:00,CR,34952,324725,NT,NTSZ01
2018-01-02T00:00:00.000+08:00,CR,7672,66342,NT,NTSZ02
2018-01-02T00:00:00.000+08:00,CR,35305,190330,NT,NTSZ03
2018-01-02T00:00:00.000+08:00,CR,34255,552249,NT,NTSZ04
2018-01-02T00:00:00.000+08:00,CR,9828,15583,NT,NTSZ05
2018-01-02T00:00:00.000+08:00,CR,11105,87199,NT,NTSZ06
2018-01-02T00:00:00.000+08:00,CR,135778,1767794,NV,NVSZ01
2018-01-02T00:00:00.000+08:00,CR,106543,1239014,NV,NVSZ02
2018-01-02T00:00:00.000+08:00,CR,39157,342752,NV,NVSZ03
2018-01-02T00:00:00.000+08:00,CR,56884,209515,NV,NVSZ04
2018-01-02T00:00:00.000+08:00,CR,7499,50383,NV,NVSZ05
2018-01-02T00:00:00.000+08:00,CR,29550,442444,OR,ORSZ01
2018-01-02T00:00:00.000+08:00,CR,105376,1512706,OR,ORSZ02
2018-01-02T00:00:00.000+08:00,CR,104613,1280127,OR,ORSZ03
2018-01-02T00:00:00.000+08:00,CR,72315,786190,OT,OTSZ01
2018-01-02T00:00:00.000+08:00,CR,60062,120330,OT,OTSZ02
2018-01-02T00:00:00.000+08:00,CR,79587,834370,OT,OTSZ03
2018-01-02T00:00:00.000+08:00,CR,41527,315530,OT,OTSZ04
2018-01-02T00:00:00.000+08:00,CR,36065,356600,QT,QTSZ01
2018-01-02T00:00:00.000+08:00,CR,24960,349981,QT,QTSZ02
2018-01-02T00:00:00.000+08:00,CR,11329,152244,QT,QTSZ03
2018-01-02T00:00:00.000+08:00,CR,49098,345159,QT,QTSZ04
2018-01-02T00:00:00.000+08:00,CR,34906,509085,QT,QTSZ05
2018-01-02T00:00:00.000+08:00,CR,69723,819067,QT,QTSZ06
2018-01-02T00:00:00.000+08:00,CR,9545,82694,QT,QTSZ07
2018-01-02T00:00:00.000+08:00,CR,61725,804088,QT,QTSZ08
2018-01-02T00:00:00.000+08:00,CR,47477,378211,QT,QTSZ09
2018-01-02T00:00:00.000+08:00,CR,68881,496938,QT,QTSZ10
2018-01-02T00:00:00.000+08:00,CR,59615,828010,QT,QTSZ11
2018-01-02T00:00:00.000+08:00,CR,35321,270124,QT,QTSZ12
2018-01-02T00:00:00.000+08:00,CR,20633,331270,QT,QTSZ13
2018-01-02T00:00:00.000+08:00,CR,48067,758761,QT,QTSZ14
2018-01-02T00:00:00.000+08:00,CR,52724,842585,QT,QTSZ15
2018-01-02T00:00:00.000+08:00,CR,89227,635351,RC,RCSZ01
2018-01-02T00:00:00.000+08:00,CR,57533,474071,RC,RCSZ02
2018-01-02T00:00:00.000+08:00,CR,64244,392306,RC,RCSZ03
2018-01-02T00:00:00.000+08:00,CR,28651,159139,RC,RCSZ05
2018-01-02T00:00:00.000+08:00,CR,22602,114209,RC,RCSZ06
2018-01-02T00:00:00.000+08:00,CR,8826,174378,RC,RCSZ07
2018-01-02T00:00:00.000+08:00,CR,30858,407943,RC,RCSZ08
2018-01-02T00:00:00.000+08:00,CR,29261,202227,RC,RCSZ09
2018-01-02T00:00:00.000+08:00,CR,50354,426572,RC,RCSZ10
2018-01-02T00:00:00.000+08:00,CR,12551,195310,RV,RVSZ01
2018-01-02T00:00:00.000+08:00,CR,3413,6098,RV,RVSZ02
2018-01-02T00:00:00.000+08:00,CR,16682,271968,RV,RVSZ03
2018-01-02T00:00:00.000+08:00,CR,40,40,RV,RVSZ04
2018-01-02T00:00:00.000+08:00,CR,39042,620648,RV,RVSZ05
2018-01-02T00:00:00.000+08:00,CR,65752,1278022,SI,SISZ01
2018-01-02T00:00:00.000+08:00,CR,8554,46844,SI,SISZ02
2018-01-02T00:00:00.000+08:00,CR,28447,386154,SR,SRSZ01
2018-01-02T00:00:00.000+08:00,CR,53915,421304,SR,SRSZ02
2018-01-02T00:00:00.000+08:00,CR,24396,182952,SR,SRSZ03
2018-01-02T00:00:00.000+08:00,CR,30433,184270,SV,SVSZ01
2018-01-02T00:00:00.000+08:00,CR,50672,889781,TN,TNSZ01
2018-01-02T00:00:00.000+08:00,CR,34906,486587,TN,TNSZ02
2018-01-02T00:00:00.000+08:00,CR,59646,537125,TN,TNSZ03
2018-01-02T00:00:00.000+08:00,CR,46239,304625,TN,TNSZ04
2018-01-02T00:00:00.000+08:00,CR,68934,580681,TP,TPSZ01
2018-01-02T00:00:00.000+08:00,CR,79489,1105888,TP,TPSZ02
2018-01-02T00:00:00.000+08:00,CR,33638,363334,TP,TPSZ03
2018-01-02T00:00:00.000+08:00,CR,22010,315776,TP,TPSZ04
2018-01-02T00:00:00.000+08:00,CR,70374,392820,TP,TPSZ05
2018-01-02T00:00:00.000+08:00,CR,23194,331217,TP,TPSZ06
2018-01-02T00:00:00.000+08:00,CR,5837,83938,TP,TPSZ07
2018-01-02T00:00:00.000+08:00,CR,42333,566991,TP,TPSZ09
2018-01-02T00:00:00.000+08:00,CR,15321,20331,TP,TPSZ10
2018-01-02T00:00:00.000+08:00,CR,16646,19854,TP,TPSZ11
2018-01-02T00:00:00.000+08:00,CR,52599,808196,TP,TPSZ12
2018-01-03T00:00:00.000+08:00,CR,72413,951695,BM,BMSZ01
2018-01-03T00:00:00.000+08:00,CR,31247,381144,BM,BMSZ02
2018-01-03T00:00:00.000+08:00,CR,19536,107557,BM,BMSZ03
2018-01-03T00:00:00.000+08:00,CR,53727,416065,BM,BMSZ04
2018-01-03T00:00:00.000+08:00,CR,34557,446591,BM,BMSZ05
2018-01-03T00:00:00.000+08:00,CR,25689,186943,BM,BMSZ06
2018-01-03T00:00:00.000+08:00,CR,75487,961110,BM,BMSZ07
2018-01-03T00:00:00.000+08:00,CR,26745,389637,BM,BMSZ08
2018-01-03T00:00:00.000+08:00,CR,56414,678672,BM,BMSZ09
2018-01-03T00:00:00.000+08:00,CR,46074,351597,BM,BMSZ10
2018-01-03T00:00:00.000+08:00,CR,44195,328431,BM,BMSZ11
2018-01-03T00:00:00.000+08:00,CR,10909,109912,BM,BMSZ12
2018-01-03T00:00:00.000+08:00,CR,33557,521226,BM,BMSZ13
2018-01-03T00:00:00.000+08:00,CR,26722,322296,BM,BMSZ14
2018-01-03T00:00:00.000+08:00,CR,23350,319356,BM,BMSZ15
2018-01-03T00:00:00.000+08:00,CR,67261,618686,BM,BMSZ16
2018-01-03T00:00:00.000+08:00,CR,72306,550896,BM,BMSZ17
2018-01-03T00:00:00.000+08:00,CR,71612,1289558,BS,BSSZ01
2018-01-03T00:00:00.000+08:00,CR,52160,566977,BS,BSSZ02
2018-01-03T00:00:00.000+08:00,CR,124425,1027096,BS,BSSZ03
2018-01-03T00:00:00.000+08:00,CR,73192,1151343,BT,BTSZ01
2018-01-03T00:00:00.000+08:00,CR,23464,249591,BT,BTSZ02
2018-01-03T00:00:00.000+08:00,CR,20058,362210,BT,BTSZ03
2018-01-03T00:00:00.000+08:00,CR,20056,349126,BT,BTSZ04
2018-01-03T00:00:00.000+08:00,CR,83060,470291,BT,BTSZ05
2018-01-03T00:00:00.000+08:00,CR,65073,735577,BT,BTSZ06
2018-01-03T00:00:00.000+08:00,CR,30240,451728,BT,BTSZ07
2018-01-03T00:00:00.000+08:00,CR,28871,231375,BT,BTSZ08
2018-01-03T00:00:00.000+08:00,CR,111753,781642,DT,DTSZ01
2018-01-03T00:00:00.000+08:00,CR,103380,881577,DT,DTSZ02
2018-01-03T00:00:00.000+08:00,CR,78303,1049513,DT,DTSZ03
2018-01-03T00:00:00.000+08:00,CR,28355,204622,DT,DTSZ04
2018-01-03T00:00:00.000+08:00,CR,111499,1229730,DT,DTSZ05
2018-01-03T00:00:00.000+08:00,CR,36318,295670,DT,DTSZ06
2018-01-03T00:00:00.000+08:00,CR,14535,130241,DT,DTSZ07
2018-01-03T00:00:00.000+08:00,CR,80947,858665,DT,DTSZ08
2018-01-03T00:00:00.000+08:00,CR,47667,543752,DT,DTSZ09
2018-01-03T00:00:00.000+08:00,CR,34397,365429,DT,DTSZ10
2018-01-03T00:00:00.000+08:00,CR,42221,1008009,DT,DTSZ11
2018-01-03T00:00:00.000+08:00,CR,53575,548301,DT,DTSZ12
2018-01-03T00:00:00.000+08:00,CR,79325,1024425,GL,GLSZ01
2018-01-03T00:00:00.000+08:00,CR,52176,644855,GL,GLSZ02
2018-01-03T00:00:00.000+08:00,CR,129150,1612093,GL,GLSZ03
2018-01-03T00:00:00.000+08:00,CR,203260,3399081,GL,GLSZ04
2018-01-03T00:00:00.000+08:00,CR,126008,1833500,GL,GLSZ05
2018-01-03T00:00:00.000+08:00,CR,143331,1621623,KL,KLSZ01
2018-01-03T00:00:00.000+08:00,CR,44788,436581,KL,KLSZ02
2018-01-03T00:00:00.000+08:00,CR,17172,173237,KL,KLSZ03
2018-01-03T00:00:00.000+08:00,CR,34746,97610,KL,KLSZ04
2018-01-03T00:00:00.000+08:00,CR,88688,747735,KL,KLSZ05
2018-01-03T00:00:00.000+08:00,CR,107271,1100675,KL,KLSZ06
2018-01-03T00:00:00.000+08:00,CR,90273,910796,KL,KLSZ07
2018-01-03T00:00:00.000+08:00,CR,49313,514485,KL,KLSZ08
2018-01-03T00:00:00.000+08:00,CR,70416,803566,KL,KLSZ09
2018-01-03T00:00:00.000+08:00,CR,58940,226579,ME,MESZ01
2018-01-03T00:00:00.000+08:00,CR,43122,640802,MP,MPSZ01
2018-01-03T00:00:00.000+08:00,CR,43438,621988,MP,MPSZ02
2018-01-03T00:00:00.000+08:00,CR,73541,1394380,MP,MPSZ03
2018-01-03T00:00:00.000+08:00,CR,35737,158694,MS,MSSZ01
2018-01-03T00:00:00.000+08:00,CR,79557,357010,MU,MUSZ01
2018-01-03T00:00:00.000+08:00,CR,28697,172306,MU,MUSZ02
2018-01-03T00:00:00.000+08:00,CR,25105,239541,MU,MUSZ03
2018-01-03T00:00:00.000+08:00,CR,34349,330350,NT,NTSZ01
2018-01-03T00:00:00.000+08:00,CR,7912,65796,NT,NTSZ02
2018-01-03T00:00:00.000+08:00,CR,35361,200520,NT,NTSZ03
2018-01-03T00:00:00.000+08:00,CR,35401,552964,NT,NTSZ04
2018-01-03T00:00:00.000+08:00,CR,10724,16681,NT,NTSZ05
2018-01-03T00:00:00.000+08:00,CR,11522,89132,NT,NTSZ06
2018-01-03T00:00:00.000+08:00,CR,140327,1774814,NV,NVSZ01
2018-01-03T00:00:00.000+08:00,CR,115799,1271720,NV,NVSZ02
2018-01-03T00:00:00.000+08:00,CR,41791,351798,NV,NVSZ03
2018-01-03T00:00:00.000+08:00,CR,61752,213671,NV,NVSZ04
2018-01-03T00:00:00.000+08:00,CR,8020,52909,NV,NVSZ05
2018-01-03T00:00:00.000+08:00,CR,29778,441802,OR,ORSZ01
2018-01-03T00:00:00.000+08:00,CR,108675,1517636,OR,ORSZ02
2018-01-03T00:00:00.000+08:00,CR,110391,1315479,OR,ORSZ03
2018-01-03T00:00:00.000+08:00,CR,75076,802413,OT,OTSZ01
2018-01-03T00:00:00.000+08:00,CR,62528,122345,OT,OTSZ02
2018-01-03T00:00:00.000+08:00,CR,83921,859858,OT,OTSZ03
2018-01-03T00:00:00.000+08:00,CR,44319,325119,OT,OTSZ04
2018-01-03T00:00:00.000+08:00,CR,37872,366426,QT,QTSZ01
2018-01-03T00:00:00.000+08:00,CR,25983,359794,QT,QTSZ02
2018-01-03T00:00:00.000+08:00,CR,11799,155828,QT,QTSZ03
2018-01-03T00:00:00.000+08:00,CR,48429,352993,QT,QTSZ04
2018-01-03T00:00:00.000+08:00,CR,37248,542692,QT,QTSZ05
2018-01-03T00:00:00.000+08:00,CR,71399,844871,QT,QTSZ06
2018-01-03T00:00:00.000+08:00,CR,9987,84548,QT,QTSZ07
2018-01-03T00:00:00.000+08:00,CR,63661,876151,QT,QTSZ08
2018-01-03T00:00:00.000+08:00,CR,47889,389317,QT,QTSZ09
2018-01-03T00:00:00.000+08:00,CR,67767,512382,QT,QTSZ10
2018-01-03T00:00:00.000+08:00,CR,64769,855376,QT,QTSZ11
2018-01-03T00:00:00.000+08:00,CR,35456,284174,QT,QTSZ12
2018-01-03T00:00:00.000+08:00,CR,22189,335540,QT,QTSZ13
2018-01-03T00:00:00.000+08:00,CR,53457,816950,QT,QTSZ14
2018-01-03T00:00:00.000+08:00,CR,50256,846680,QT,QTSZ15
2018-01-03T00:00:00.000+08:00,CR,88837,638666,RC,RCSZ01
2018-01-03T00:00:00.000+08:00,CR,60165,474620,RC,RCSZ02
2018-01-03T00:00:00.000+08:00,CR,64846,389966,RC,RCSZ03
2018-01-03T00:00:00.000+08:00,CR,29519,159299,RC,RCSZ05
2018-01-03T00:00:00.000+08:00,CR,23532,117237,RC,RCSZ06
2018-01-03T00:00:00.000+08:00,CR,9114,178756,RC,RCSZ07
2018-01-03T00:00:00.000+08:00,CR,31211,415895,RC,RCSZ08
2018-01-03T00:00:00.000+08:00,CR,27891,198966,RC,RCSZ09
2018-01-03T00:00:00.000+08:00,CR,47527,426835,RC,RCSZ10
2018-01-03T00:00:00.000+08:00,CR,13168,198048,RV,RVSZ01
2018-01-03T00:00:00.000+08:00,CR,3470,6298,RV,RVSZ02
2018-01-03T00:00:00.000+08:00,CR,18504,281559,RV,RVSZ03
2018-01-03T00:00:00.000+08:00,CR,40,40,RV,RVSZ04
2018-01-03T00:00:00.000+08:00,CR,40131,627765,RV,RVSZ05
2018-01-03T00:00:00.000+08:00,CR,60022,1213786,SI,SISZ01
2018-01-03T00:00:00.000+08:00,CR,8122,44790,SI,SISZ02
2018-01-03T00:00:00.000+08:00,CR,29053,396526,SR,SRSZ01
2018-01-03T00:00:00.000+08:00,CR,60079,438361,SR,SRSZ02
2018-01-03T00:00:00.000+08:00,CR,26326,186377,SR,SRSZ03
2018-01-03T00:00:00.000+08:00,CR,25766,175303,SV,SVSZ01
2018-01-03T00:00:00.000+08:00,CR,52029,903874,TN,TNSZ01
2018-01-03T00:00:00.000+08:00,CR,34949,485545,TN,TNSZ02
2018-01-03T00:00:00.000+08:00,CR,61530,544502,TN,TNSZ03
2018-01-03T00:00:00.000+08:00,CR,48256,313875,TN,TNSZ04
2018-01-03T00:00:00.000+08:00,CR,70898,594706,TP,TPSZ01
2018-01-03T00:00:00.000+08:00,CR,82227,1126518,TP,TPSZ02
2018-01-03T00:00:00.000+08:00,CR,35843,373876,TP,TPSZ03
2018-01-03T00:00:00.000+08:00,CR,22849,317814,TP,TPSZ04
2018-01-03T00:00:00.000+08:00,CR,73749,403662,TP,TPSZ05
2018-01-03T00:00:00.000+08:00,CR,24558,334880,TP,TPSZ06
2018-01-03T00:00:00.000+08:00,CR,5782,85124,TP,TPSZ07
2018-01-03T00:00:00.000+08:00,CR,45622,573604,TP,TPSZ09
2018-01-03T00:00:00.000+08:00,CR,16554,21060,TP,TPSZ10
2018-01-03T00:00:00.000+08:00,CR,18518,21497,TP,TPSZ11
2018-01-03T00:00:00.000+08:00,CR,53926,819987,TP,TPSZ12
2018-01-04T00:00:00.000+08:00,CR,70332,925722,BM,BMSZ01
2018-01-04T00:00:00.000+08:00,CR,31155,374784,BM,BMSZ02
2018-01-04T00:00:00.000+08:00,CR,18815,107613,BM,BMSZ03
2018-01-04T00:00:00.000+08:00,CR,55581,415446,BM,BMSZ04
2018-01-04T00:00:00.000+08:00,CR,36534,456168,BM,BMSZ05
2018-01-04T00:00:00.000+08:00,CR,25055,188586,BM,BMSZ06
2018-01-04T00:00:00.000+08:00,CR,79145,972741,BM,BMSZ07
2018-01-04T00:00:00.000+08:00,CR,26355,390134,BM,BMSZ08
2018-01-04T00:00:00.000+08:00,CR,59081,691781,BM,BMSZ09
2018-01-04T00:00:00.000+08:00,CR,45645,354515,BM,BMSZ10
2018-01-04T00:00:00.000+08:00,CR,43583,318634,BM,BMSZ11
2018-01-04T00:00:00.000+08:00,CR,11398,112748,BM,BMSZ12
2018-01-04T00:00:00.000+08:00,CR,31729,529083,BM,BMSZ13
2018-01-04T00:00:00.000+08:00,CR,28670,360300,BM,BMSZ14
2018-01-04T00:00:00.000+08:00,CR,22723,307959,BM,BMSZ15
2018-01-04T00:00:00.000+08:00,CR,68095,620881,BM,BMSZ16
2018-01-04T00:00:00.000+08:00,CR,72433,546475,BM,BMSZ17
2018-01-04T00:00:00.000+08:00,CR,71493,1291780,BS,BSSZ01
2018-01-04T00:00:00.000+08:00,CR,53922,568511,BS,BSSZ02
2018-01-04T00:00:00.000+08:00,CR,126206,1022940,BS,BSSZ03
2018-01-04T00:00:00.000+08:00,CR,75377,1168633,BT,BTSZ01
2018-01-04T00:00:00.000+08:00,CR,25485,259513,BT,BTSZ02
2018-01-04T00:00:00.000+08:00,CR,20974,370408,BT,BTSZ03
2018-01-04T00:00:00.000+08:00,CR,19603,354309,BT,BTSZ04
2018-01-04T00:00:00.000+08:00,CR,81942,474584,BT,BTSZ05
2018-01-04T00:00:00.000+08:00,CR,63908,729450,BT,BTSZ06
2018-01-04T00:00:00.000+08:00,CR,31177,459452,BT,BTSZ07
2018-01-04T00:00:00.000+08:00,CR,28814,233414,BT,BTSZ08
2018-01-04T00:00:00.000+08:00,CR,118534,796663,DT,DTSZ01
2018-01-04T00:00:00.000+08:00,CR,110145,908870,DT,DTSZ02
2018-01-04T00:00:00.000+08:00,CR,82791,1077831,DT,DTSZ03
2018-01-04T00:00:00.000+08:00,CR,31477,213843,DT,DTSZ04
2018-01-04T00:00:00.000+08:00,CR,115725,1290140,DT,DTSZ05
2018-01-04T00:00:00.000+08:00,CR,36648,304754,DT,DTSZ06
2018-01-04T00:00:00.000+08:00,CR,15803,139485,DT,DTSZ07
2018-01-04T00:00:00.000+08:00,CR,86283,895165,DT,DTSZ08
2018-01-04T00:00:00.000+08:00,CR,52155,599145,DT,DTSZ09
2018-01-04T00:00:00.000+08:00,CR,36774,386091,DT,DTSZ10
2018-01-04T00:00:00.000+08:00,CR,43417,1057589,DT,DTSZ11
2018-01-04T00:00:00.000+08:00,CR,55432,552467,DT,DTSZ12
2018-01-04T00:00:00.000+08:00,CR,82175,1028201,GL,GLSZ01
2018-01-04T00:00:00.000+08:00,CR,53741,655201,GL,GLSZ02
2018-01-04T00:00:00.000+08:00,CR,137106,1622149,GL,GLSZ03
2018-01-04T00:00:00.000+08:00,CR,207009,3453269,GL,GLSZ04
2018-01-04T00:00:00.000+08:00,CR,132854,1833594,GL,GLSZ05
2018-01-04T00:00:00.000+08:00,CR,143851,1625373,KL,KLSZ01
2018-01-04T00:00:00.000+08:00,CR,45492,450707,KL,KLSZ02
2018-01-04T00:00:00.000+08:00,CR,16624,173212,KL,KLSZ03
2018-01-04T00:00:00.000+08:00,CR,33568,99271,KL,KLSZ04
2018-01-04T00:00:00.000+08:00,CR,85278,738671,KL,KLSZ05
2018-01-04T00:00:00.000+08:00,CR,106454,1114622,KL,KLSZ06
2018-01-04T00:00:00.000+08:00,CR,92551,927314,KL,KLSZ07
2018-01-04T00:00:00.000+08:00,CR,49943,522087,KL,KLSZ08
2018-01-04T00:00:00.000+08:00,CR,69516,815173,KL,KLSZ09
2018-01-04T00:00:00.000+08:00,CR,58293,230344,ME,MESZ01
2018-01-04T00:00:00.000+08:00,CR,42872,623353,MP,MPSZ01
2018-01-04T00:00:00.000+08:00,CR,41626,623634,MP,MPSZ02
2018-01-04T00:00:00.000+08:00,CR,72563,1378917,MP,MPSZ03
2018-01-04T00:00:00.000+08:00,CR,33762,158819,MS,MSSZ01
2018-01-04T00:00:00.000+08:00,CR,83072,364056,MU,MUSZ01
2018-01-04T00:00:00.000+08:00,CR,30853,186203,MU,MUSZ02
2018-01-04T00:00:00.000+08:00,CR,26945,245237,MU,MUSZ03
2018-01-04T00:00:00.000+08:00,CR,35394,338630,NT,NTSZ01
2018-01-04T00:00:00.000+08:00,CR,8011,71144,NT,NTSZ02
2018-01-04T00:00:00.000+08:00,CR,36181,201751,NT,NTSZ03
2018-01-04T00:00:00.000+08:00,CR,36291,559814,NT,NTSZ04
2018-01-04T00:00:00.000+08:00,CR,11046,17426,NT,NTSZ05
2018-01-04T00:00:00.000+08:00,CR,11949,88574,NT,NTSZ06
2018-01-04T00:00:00.000+08:00,CR,146140,1741200,NV,NVSZ01
2018-01-04T00:00:00.000+08:00,CR,111519,1284837,NV,NVSZ02
2018-01-04T00:00:00.000+08:00,CR,38560,348891,NV,NVSZ03
2018-01-04T00:00:00.000+08:00,CR,58728,216933,NV,NVSZ04
2018-01-04T00:00:00.000+08:00,CR,8180,53853,NV,NVSZ05
2018-01-04T00:00:00.000+08:00,CR,30640,451347,OR,ORSZ01
2018-01-04T00:00:00.000+08:00,CR,107395,1513651,OR,ORSZ02
2018-01-04T00:00:00.000+08:00,CR,109482,1358643,OR,ORSZ03
2018-01-04T00:00:00.000+08:00,CR,80563,810945,OT,OTSZ01
2018-01-04T00:00:00.000+08:00,CR,63285,124496,OT,OTSZ02
2018-01-04T00:00:00.000+08:00,CR,84164,860255,OT,OTSZ03
2018-01-04T00:00:00.000+08:00,CR,47245,339652,OT,OTSZ04
2018-01-04T00:00:00.000+08:00,CR,38476,372011,QT,QTSZ01
2018-01-04T00:00:00.000+08:00,CR,27668,368979,QT,QTSZ02
2018-01-04T00:00:00.000+08:00,CR,11624,157491,QT,QTSZ03
2018-01-04T00:00:00.000+08:00,CR,50702,357286,QT,QTSZ04
2018-01-04T00:00:00.000+08:00,CR,35312,538894,QT,QTSZ05
2018-01-04T00:00:00.000+08:00,CR,74922,840295,QT,QTSZ06
2018-01-04T00:00:00.000+08:00,CR,10333,84945,QT,QTSZ07
2018-01-04T00:00:00.000+08:00,CR,65648,913294,QT,QTSZ08
2018-01-04T00:00:00.000+08:00,CR,51010,408445,QT,QTSZ09
2018-01-04T00:00:00.000+08:00,CR,69690,520196,QT,QTSZ10
2018-01-04T00:00:00.000+08:00,CR,64969,882846,QT,QTSZ11
2018-01-04T00:00:00.000+08:00,CR,36585,292881,QT,QTSZ12
2018-01-04T00:00:00.000+08:00,CR,21430,337046,QT,QTSZ13
2018-01-04T00:00:00.000+08:00,CR,51461,831376,QT,QTSZ14
2018-01-04T00:00:00.000+08:00,CR,51235,855698,QT,QTSZ15
2018-01-04T00:00:00.000+08:00,CR,92138,657704,RC,RCSZ01
2018-01-04T00:00:00.000+08:00,CR,63189,492155,RC,RCSZ02
2018-01-04T00:00:00.000+08:00,CR,68280,387879,RC,RCSZ03
2018-01-04T00:00:00.000+08:00,CR,30151,168026,RC,RCSZ05
2018-01-04T00:00:00.000+08:00,CR,25350,120843,RC,RCSZ06
2018-01-04T00:00:00.000+08:00,CR,9939,183137,RC,RCSZ07
2018-01-04T00:00:00.000+08:00,CR,32169,418831,RC,RCSZ08
2018-01-04T00:00:00.000+08:00,CR,30357,210183,RC,RCSZ09
2018-01-04T00:00:00.000+08:00,CR,50265,437705,RC,RCSZ10
2018-01-04T00:00:00.000+08:00,CR,13734,197627,RV,RVSZ01
2018-01-04T00:00:00.000+08:00,CR,3152,6192,RV,RVSZ02
2018-01-04T00:00:00.000+08:00,CR,18831,281233,RV,RVSZ03
2018-01-04T00:00:00.000+08:00,CR,40,40,RV,RVSZ04
2018-01-04T00:00:00.000+08:00,CR,41178,640566,RV,RVSZ05
2018-01-04T00:00:00.000+08:00,CR,59754,1186522,SI,SISZ01
2018-01-04T00:00:00.000+08:00,CR,7706,45375,SI,SISZ02
2018-01-04T00:00:00.000+08:00,CR,28843,396264,SR,SRSZ01
2018-01-04T00:00:00.000+08:00,CR,61661,461242,SR,SRSZ02
2018-01-04T00:00:00.000+08:00,CR,27630,196194,SR,SRSZ03
2018-01-04T00:00:00.000+08:00,CR,23308,135486,SV,SVSZ01
2018-01-04T00:00:00.000+08:00,CR,55179,923206,TN,TNSZ01
2018-01-04T00:00:00.000+08:00,CR,35352,492105,TN,TNSZ02
2018-01-04T00:00:00.000+08:00,CR,64545,558747,TN,TNSZ03
2018-01-04T00:00:00.000+08:00,CR,51156,316525,TN,TNSZ04
2018-01-04T00:00:00.000+08:00,CR,68957,593453,TP,TPSZ01
2018-01-04T00:00:00.000+08:00,CR,82720,1127007,TP,TPSZ02
2018-01-04T00:00:00.000+08:00,CR,35411,373765,TP,TPSZ03
2018-01-04T00:00:00.000+08:00,CR,21852,316995,TP,TPSZ04
2018-01-04T00:00:00.000+08:00,CR,75146,403851,TP,TPSZ05
2018-01-04T00:00:00.000+08:00,CR,25299,343223,TP,TPSZ06
2018-01-04T00:00:00.000+08:00,CR,5750,83557,TP,TPSZ07
2018-01-04T00:00:00.000+08:00,CR,43280,571189,TP,TPSZ09
2018-01-04T00:00:00.000+08:00,CR,17044,22257,TP,TPSZ10
2018-01-04T00:00:00.000+08:00,CR,18148,21427,TP,TPSZ11
2018-01-04T00:00:00.000+08:00,CR,53762,824292,TP,TPSZ12
2018-01-05T00:00:00.000+08:00,CR,78241,994291,BM,BMSZ01
2018-01-05T00:00:00.000+08:00,CR,33188,375103,BM,BMSZ02
2018-01-05T00:00:00.000+08:00,CR,19871,109998,BM,BMSZ03
2018-01-05T00:00:00.000+08:00,CR,56796,417083,BM,BMSZ04
2018-01-05T00:00:00.000+08:00,CR,37900,442369,BM,BMSZ05
2018-01-05T00:00:00.000+08:00,CR,25252,185752,BM,BMSZ06
2018-01-05T00:00:00.000+08:00,CR,83947,970758,BM,BMSZ07
2018-01-05T00:00:00.000+08:00,CR,27127,388157,BM,BMSZ08
2018-01-05T00:00:00.000+08:00,CR,61609,693870,BM,BMSZ09
2018-01-05T00:00:00.000+08:00,CR,48609,364842,BM,BMSZ10
2018-01-05T00:00:00.000+08:00,CR,48009,321058,BM,BMSZ11
2018-01-05T00:00:00.000+08:00,CR,12051,111745,BM,BMSZ12
2018-01-05T00:00:00.000+08:00,CR,34810,527338,BM,BMSZ13
2018-01-05T00:00:00.000+08:00,CR,30518,350170,BM,BMSZ14
2018-01-05T00:00:00.000+08:00,CR,23745,309601,BM,BMSZ15
2018-01-05T00:00:00.000+08:00,CR,70492,629169,BM,BMSZ16
2018-01-05T00:00:00.000+08:00,CR,79171,552072,BM,BMSZ17
2018-01-05T00:00:00.000+08:00,CR,74930,1290580,BS,BSSZ01
2018-01-05T00:00:00.000+08:00,CR,54089,570167,BS,BSSZ02
2018-01-05T00:00:00.000+08:00,CR,132323,1034188,BS,BSSZ03
2018-01-05T00:00:00.000+08:00,CR,80455,1165751,BT,BTSZ01
2018-01-05T00:00:00.000+08:00,CR,26310,257927,BT,BTSZ02
2018-01-05T00:00:00.000+08:00,CR,21469,373857,BT,BTSZ03
2018-01-05T00:00:00.000+08:00,CR,21269,356063,BT,BTSZ04
2018-01-05T00:00:00.000+08:00,CR,84927,480001,BT,BTSZ05
2018-01-05T00:00:00.000+08:00,CR,67946,742670,BT,BTSZ06
2018-01-05T00:00:00.000+08:00,CR,34043,471932,BT,BTSZ07
2018-01-05T00:00:00.000+08:00,CR,30356,239022,BT,BTSZ08
2018-01-05T00:00:00.000+08:00,CR,133253,868563,DT,DTSZ01
2018-01-05T00:00:00.000+08:00,CR,124408,975519,DT,DTSZ02
2018-01-05T00:00:00.000+08:00,CR,95776,1180242,DT,DTSZ03
2018-01-05T00:00:00.000+08:00,CR,34164,221270,DT,DTSZ04
2018-01-05T00:00:00.000+08:00,CR,121215,1285052,DT,DTSZ05
2018-01-05T00:00:00.000+08:00,CR,42907,324159,DT,DTSZ06
2018-01-05T00:00:00.000+08:00,CR,17773,146337,DT,DTSZ07
2018-01-05T00:00:00.000+08:00,CR,93047,911154,DT,DTSZ08
2018-01-05T00:00:00.000+08:00,CR,53611,605302,DT,DTSZ09
2018-01-05T00:00:00.000+08:00,CR,39552,387311,DT,DTSZ10
2018-01-05T00:00:00.000+08:00,CR,47763,1032215,DT,DTSZ11
2018-01-05T00:00:00.000+08:00,CR,65699,604499,DT,DTSZ12
2018-01-05T00:00:00.000+08:00,CR,89485,1021010,GL,GLSZ01
2018-01-05T00:00:00.000+08:00,CR,57384,646645,GL,GLSZ02
2018-01-05T00:00:00.000+08:00,CR,141792,1611360,GL,GLSZ03
2018-01-05T00:00:00.000+08:00,CR,216910,3468462,GL,GLSZ04
2018-01-05T00:00:00.000+08:00,CR,133524,1814453,GL,GLSZ05
2018-01-05T00:00:00.000+08:00,CR,150948,1629805,KL,KLSZ01
2018-01-05T00:00:00.000+08:00,CR,48125,441191,KL,KLSZ02
2018-01-05T00:00:00.000+08:00,CR,16265,170708,KL,KLSZ03
2018-01-05T00:00:00.000+08:00,CR,35172,100481,KL,KLSZ04
2018-01-05T00:00:00.000+08:00,CR,95556,765454,KL,KLSZ05
2018-01-05T00:00:00.000+08:00,CR,115089,1132065,KL,KLSZ06
2018-01-05T00:00:00.000+08:00,CR,100316,942227,KL,KLSZ07
2018-01-05T00:00:00.000+08:00,CR,52973,522376,KL,KLSZ08
2018-01-05T00:00:00.000+08:00,CR,80822,854044,KL,KLSZ09
2018-01-05T00:00:00.000+08:00,CR,63011,239726,ME,MESZ01
2018-01-05T00:00:00.000+08:00,CR,44082,626351,MP,MPSZ01
2018-01-05T00:00:00.000+08:00,CR,45769,633645,MP,MPSZ02
2018-01-05T00:00:00.000+08:00,CR,77229,1394825,MP,MPSZ03
2018-01-05T00:00:00.000+08:00,CR,40177,170034,MS,MSSZ01
2018-01-05T00:00:00.000+08:00,CR,90192,389848,MU,MUSZ01
2018-01-05T00:00:00.000+08:00,CR,35427,194111,MU,MUSZ02
2018-01-05T00:00:00.000+08:00,CR,29800,258744,MU,MUSZ03
2018-01-05T00:00:00.000+08:00,CR,40188,345570,NT,NTSZ01
2018-01-05T00:00:00.000+08:00,CR,8645,73786,NT,NTSZ02
2018-01-05T00:00:00.000+08:00,CR,39000,201575,NT,NTSZ03
2018-01-05T00:00:00.000+08:00,CR,39772,571755,NT,NTSZ04
2018-01-05T00:00:00.000+08:00,CR,11970,18630,NT,NTSZ05
2018-01-05T00:00:00.000+08:00,CR,14378,102504,NT,NTSZ06
2018-01-05T00:00:00.000+08:00,CR,147894,1721293,NV,NVSZ01
2018-01-05T00:00:00.000+08:00,CR,119548,1285488,NV,NVSZ02
2018-01-05T00:00:00.000+08:00,CR,42872,358889,NV,NVSZ03
2018-01-05T00:00:00.000+08:00,CR,64939,222511,NV,NVSZ04
2018-01-05T00:00:00.000+08:00,CR,8675,55813,NV,NVSZ05
2018-01-05T00:00:00.000+08:00,CR,33936,474152,OR,ORSZ01
2018-01-05T00:00:00.000+08:00,CR,117150,1630016,OR,ORSZ02
2018-01-05T00:00:00.000+08:00,CR,129592,1443027,OR,ORSZ03
2018-01-05T00:00:00.000+08:00,CR,88096,835335,OT,OTSZ01
2018-01-05T00:00:00.000+08:00,CR,66575,129708,OT,OTSZ02
2018-01-05T00:00:00.000+08:00,CR,94496,909390,OT,OTSZ03
2018-01-05T00:00:00.000+08:00,CR,49325,349742,OT,OTSZ04
2018-01-05T00:00:00.000+08:00,CR,39779,371943,QT,QTSZ01
2018-01-05T00:00:00.000+08:00,CR,29465,380072,QT,QTSZ02
2018-01-05T00:00:00.000+08:00,CR,12308,159700,QT,QTSZ03
2018-01-05T00:00:00.000+08:00,CR,52387,356427,QT,QTSZ04
2018-01-05T00:00:00.000+08:00,CR,39735,543283,QT,QTSZ05
2018-01-05T00:00:00.000+08:00,CR,80629,851272,QT,QTSZ06
2018-01-05T00:00:00.000+08:00,CR,10674,85527,QT,QTSZ07
2018-01-05T00:00:00.000+08:00,CR,69444,901198,QT,QTSZ08
2018-01-05T00:00:00.000+08:00,CR,50990,401225,QT,QTSZ09
2018-01-05T00:00:00.000+08:00,CR,78147,534946,QT,QTSZ10
2018-01-05T00:00:00.000+08:00,CR,67677,883791,QT,QTSZ11
2018-01-05T00:00:00.000+08:00,CR,37357,290867,QT,QTSZ12
2018-01-05T00:00:00.000+08:00,CR,22973,345175,QT,QTSZ13
2018-01-05T00:00:00.000+08:00,CR,56358,818517,QT,QTSZ14
2018-01-05T00:00:00.000+08:00,CR,53517,869254,QT,QTSZ15
2018-01-05T00:00:00.000+08:00,CR,99531,690237,RC,RCSZ01
2018-01-05T00:00:00.000+08:00,CR,64068,501190,RC,RCSZ02
2018-01-05T00:00:00.000+08:00,CR,74956,409448,RC,RCSZ03
2018-01-05T00:00:00.000+08:00,CR,33770,185684,RC,RCSZ05
2018-01-05T00:00:00.000+08:00,CR,27212,121399,RC,RCSZ06
2018-01-05T00:00:00.000+08:00,CR,9724,178976,RC,RCSZ07
2018-01-05T00:00:00.000+08:00,CR,35492,446314,RC,RCSZ08
2018-01-05T00:00:00.000+08:00,CR,33171,211532,RC,RCSZ09
2018-01-05T00:00:00.000+08:00,CR,57326,457001,RC,RCSZ10
2018-01-05T00:00:00.000+08:00,CR,14450,202350,RV,RVSZ01
2018-01-05T00:00:00.000+08:00,CR,3843,6855,RV,RVSZ02
2018-01-05T00:00:00.000+08:00,CR,19541,286046,RV,RVSZ03
2018-01-05T00:00:00.000+08:00,CR,40,50,RV,RVSZ04
2018-01-05T00:00:00.000+08:00,CR,44681,644983,RV,RVSZ05
2018-01-05T00:00:00.000+08:00,CR,63563,1205269,SI,SISZ01
2018-01-05T00:00:00.000+08:00,CR,9258,52461,SI,SISZ02
2018-01-05T00:00:00.000+08:00,CR,32613,411805,SR,SRSZ01
2018-01-05T00:00:00.000+08:00,CR,70521,494204,SR,SRSZ02
2018-01-05T00:00:00.000+08:00,CR,30953,207625,SR,SRSZ03
2018-01-05T00:00:00.000+08:00,CR,34066,217818,SV,SVSZ01
2018-01-05T00:00:00.000+08:00,CR,56741,926838,TN,TNSZ01
2018-01-05T00:00:00.000+08:00,CR,36038,497975,TN,TNSZ02
2018-01-05T00:00:00.000+08:00,CR,70613,578707,TN,TNSZ03
2018-01-05T00:00:00.000+08:00,CR,52962,322021,TN,TNSZ04
2018-01-05T00:00:00.000+08:00,CR,74628,593771,TP,TPSZ01
2018-01-05T00:00:00.000+08:00,CR,85221,1131770,TP,TPSZ02
2018-01-05T00:00:00.000+08:00,CR,39624,366081,TP,TPSZ03
2018-01-05T00:00:00.000+08:00,CR,23285,315228,TP,TPSZ04
2018-01-05T00:00:00.000+08:00,CR,77555,394088,TP,TPSZ05
2018-01-05T00:00:00.000+08:00,CR,25951,340782,TP,TPSZ06
2018-01-05T00:00:00.000+08:00,CR,7190,87834,TP,TPSZ07
2018-01-05T00:00:00.000+08:00,CR,48206,579016,TP,TPSZ09
2018-01-05T00:00:00.000+08:00,CR,18372,23070,TP,TPSZ10
2018-01-05T00:00:00.000+08:00,CR,19088,22252,TP,TPSZ11
2018-01-05T00:00:00.000+08:00,CR,55985,820674,TP,TPSZ12
2018-01-06T00:00:00.000+08:00,CR,80406,1006887,BM,BMSZ01
2018-01-06T00:00:00.000+08:00,CR,26145,320972,BM,BMSZ02
2018-01-06T00:00:00.000+08:00,CR,16940,116078,BM,BMSZ03
2018-01-06T00:00:00.000+08:00,CR,52686,441877,BM,BMSZ04
2018-01-06T00:00:00.000+08:00,CR,27994,322028,BM,BMSZ05
2018-01-06T00:00:00.000+08:00,CR,23036,184388,BM,BMSZ06
2018-01-06T00:00:00.000+08:00,CR,70249,910244,BM,BMSZ07
2018-01-06T00:00:00.000+08:00,CR,25460,411723,BM,BMSZ08
2018-01-06T00:00:00.000+08:00,CR,56607,724856,BM,BMSZ09
2018-01-06T00:00:00.000+08:00,CR,47751,387523,BM,BMSZ10
2018-01-06T00:00:00.000+08:00,CR,41751,318654,BM,BMSZ11
2018-01-06T00:00:00.000+08:00,CR,9036,66105,BM,BMSZ12
2018-01-06T00:00:00.000+08:00,CR,28291,501624,BM,BMSZ13
2018-01-06T00:00:00.000+08:00,CR,25866,343760,BM,BMSZ14
2018-01-06T00:00:00.000+08:00,CR,23265,323860,BM,BMSZ15
2018-01-06T00:00:00.000+08:00,CR,56317,587895,BM,BMSZ16
2018-01-06T00:00:00.000+08:00,CR,74358,521193,BM,BMSZ17
2018-01-06T00:00:00.000+08:00,CR,67368,1317832,BS,BSSZ01
2018-01-06T00:00:00.000+08:00,CR,49060,578466,BS,BSSZ02
2018-01-06T00:00:00.000+08:00,CR,117291,1068058,BS,BSSZ03
2018-01-06T00:00:00.000+08:00,CR,76603,1225703,BT,BTSZ01
2018-01-06T00:00:00.000+08:00,CR,25573,288471,BT,BTSZ02
2018-01-06T00:00:00.000+08:00,CR,19985,412304,BT,BTSZ03
2018-01-06T00:00:00.000+08:00,CR,19873,393830,BT,BTSZ04
2018-01-06T00:00:00.000+08:00,CR,81783,503659,BT,BTSZ05
2018-01-06T00:00:00.000+08:00,CR,66110,785180,BT,BTSZ06
2018-01-06T00:00:00.000+08:00,CR,29873,505602,BT,BTSZ07
2018-01-06T00:00:00.000+08:00,CR,27740,265091,BT,BTSZ08
2018-01-06T00:00:00.000+08:00,CR,122854,797706,DT,DTSZ01
2018-01-06T00:00:00.000+08:00,CR,105442,710321,DT,DTSZ02
2018-01-06T00:00:00.000+08:00,CR,90011,914432,DT,DTSZ03
2018-01-06T00:00:00.000+08:00,CR,18924,87159,DT,DTSZ04
2018-01-06T00:00:00.000+08:00,CR,63774,389304,DT,DTSZ05
2018-01-06T00:00:00.000+08:00,CR,37982,256387,DT,DTSZ06
2018-01-06T00:00:00.000+08:00,CR,8176,81521,DT,DTSZ07
2018-01-06T00:00:00.000+08:00,CR,47843,402693,DT,DTSZ08
2018-01-06T00:00:00.000+08:00,CR,30340,279847,DT,DTSZ09
2018-01-06T00:00:00.000+08:00,CR,25672,257459,DT,DTSZ10
2018-01-06T00:00:00.000+08:00,CR,19952,281663,DT,DTSZ11
2018-01-06T00:00:00.000+08:00,CR,64013,686332,DT,DTSZ12
2018-01-06T00:00:00.000+08:00,CR,74386,804906,GL,GLSZ01
2018-01-06T00:00:00.000+08:00,CR,48187,659304,GL,GLSZ02
2018-01-06T00:00:00.000+08:00,CR,121994,1294813,GL,GLSZ03
2018-01-06T00:00:00.000+08:00,CR,213072,3649435,GL,GLSZ04
2018-01-06T00:00:00.000+08:00,CR,131215,1844204,GL,GLSZ05
2018-01-06T00:00:00.000+08:00,CR,132913,1688511,KL,KLSZ01
2018-01-06T00:00:00.000+08:00,CR,39641,393575,KL,KLSZ02
2018-01-06T00:00:00.000+08:00,CR,16916,180017,KL,KLSZ03
2018-01-06T00:00:00.000+08:00,CR,32723,97810,KL,KLSZ04
2018-01-06T00:00:00.000+08:00,CR,108568,1082213,KL,KLSZ05
2018-01-06T00:00:00.000+08:00,CR,114145,1159113,KL,KLSZ06
2018-01-06T00:00:00.000+08:00,CR,96269,940163,KL,KLSZ07
2018-01-06T00:00:00.000+08:00,CR,46908,350243,KL,KLSZ08
2018-01-06T00:00:00.000+08:00,CR,77201,797043,KL,KLSZ09
2018-01-06T00:00:00.000+08:00,CR,60252,244592,ME,MESZ01
2018-01-06T00:00:00.000+08:00,CR,45465,691952,MP,MPSZ01
2018-01-06T00:00:00.000+08:00,CR,48489,699767,MP,MPSZ02
2018-01-06T00:00:00.000+08:00,CR,81510,1578312,MP,MPSZ03
2018-01-06T00:00:00.000+08:00,CR,38208,172160,MS,MSSZ01
2018-01-06T00:00:00.000+08:00,CR,84151,345268,MU,MUSZ01
2018-01-06T00:00:00.000+08:00,CR,35890,186301,MU,MUSZ02
2018-01-06T00:00:00.000+08:00,CR,27041,205632,MU,MUSZ03
2018-01-06T00:00:00.000+08:00,CR,38258,352964,NT,NTSZ01
2018-01-06T00:00:00.000+08:00,CR,7979,73211,NT,NTSZ02
2018-01-06T00:00:00.000+08:00,CR,31481,156747,NT,NTSZ03
2018-01-06T00:00:00.000+08:00,CR,38406,585819,NT,NTSZ04
2018-01-06T00:00:00.000+08:00,CR,11151,18039,NT,NTSZ05
2018-01-06T00:00:00.000+08:00,CR,15327,116767,NT,NTSZ06
2018-01-06T00:00:00.000+08:00,CR,139323,1815916,NV,NVSZ01
2018-01-06T00:00:00.000+08:00,CR,107258,1191391,NV,NVSZ02
2018-01-06T00:00:00.000+08:00,CR,37974,366489,NV,NVSZ03
2018-01-06T00:00:00.000+08:00,CR,60588,233391,NV,NVSZ04
2018-01-06T00:00:00.000+08:00,CR,8042,53270,NV,NVSZ05
2018-01-06T00:00:00.000+08:00,CR,31848,467814,OR,ORSZ01
2018-01-06T00:00:00.000+08:00,CR,126027,1687458,OR,ORSZ02
2018-01-06T00:00:00.000+08:00,CR,127116,1296849,OR,ORSZ03
2018-01-06T00:00:00.000+08:00,CR,81797,828276,OT,OTSZ01
2018-01-06T00:00:00.000+08:00,CR,59819,128894,OT,OTSZ02
2018-01-06T00:00:00.000+08:00,CR,77008,800393,OT,OTSZ03
2018-01-06T00:00:00.000+08:00,CR,38622,263988,OT,OTSZ04
2018-01-06T00:00:00.000+08:00,CR,31832,382718,QT,QTSZ01
2018-01-06T00:00:00.000+08:00,CR,26023,401458,QT,QTSZ02
2018-01-06T00:00:00.000+08:00,CR,11024,159362,QT,QTSZ03
2018-01-06T00:00:00.000+08:00,CR,43261,336860,QT,QTSZ04
2018-01-06T00:00:00.000+08:00,CR,35459,555019,QT,QTSZ05
2018-01-06T00:00:00.000+08:00,CR,66115,847307,QT,QTSZ06
2018-01-06T00:00:00.000+08:00,CR,9999,85888,QT,QTSZ07
2018-01-06T00:00:00.000+08:00,CR,41213,400997,QT,QTSZ08
2018-01-06T00:00:00.000+08:00,CR,40401,364334,QT,QTSZ09
2018-01-06T00:00:00.000+08:00,CR,62965,502446,QT,QTSZ10
2018-01-06T00:00:00.000+08:00,CR,49082,691628,QT,QTSZ11
2018-01-06T00:00:00.000+08:00,CR,26039,167142,QT,QTSZ12
2018-01-06T00:00:00.000+08:00,CR,19100,303182,QT,QTSZ13
2018-01-06T00:00:00.000+08:00,CR,35799,486101,QT,QTSZ14
2018-01-06T00:00:00.000+08:00,CR,45068,818328,QT,QTSZ15
2018-01-06T00:00:00.000+08:00,CR,103422,767075,RC,RCSZ01
2018-01-06T00:00:00.000+08:00,CR,77374,575209,RC,RCSZ02
2018-01-06T00:00:00.000+08:00,CR,71515,408463,RC,RCSZ03
2018-01-06T00:00:00.000+08:00,CR,32976,177202,RC,RCSZ05
2018-01-06T00:00:00.000+08:00,CR,26576,97581,RC,RCSZ06
2018-01-06T00:00:00.000+08:00,CR,9077,185267,RC,RCSZ07
2018-01-06T00:00:00.000+08:00,CR,35089,402816,RC,RCSZ08
2018-01-06T00:00:00.000+08:00,CR,34123,211526,RC,RCSZ09
2018-01-06T00:00:00.000+08:00,CR,61448,477977,RC,RCSZ10
2018-01-06T00:00:00.000+08:00,CR,12893,211095,RV,RVSZ01
2018-01-06T00:00:00.000+08:00,CR,3645,6738,RV,RVSZ02
2018-01-06T00:00:00.000+08:00,CR,17967,313515,RV,RVSZ03
2018-01-06T00:00:00.000+08:00,CR,40,132,RV,RVSZ04
2018-01-06T00:00:00.000+08:00,CR,41947,680165,RV,RVSZ05
2018-01-06T00:00:00.000+08:00,CR,72214,1373711,SI,SISZ01
2018-01-06T00:00:00.000+08:00,CR,7835,46395,SI,SISZ02
2018-01-06T00:00:00.000+08:00,CR,30569,392841,SR,SRSZ01
2018-01-06T00:00:00.000+08:00,CR,66054,466517,SR,SRSZ02
2018-01-06T00:00:00.000+08:00,CR,22001,158339,SR,SRSZ03
2018-01-06T00:00:00.000+08:00,CR,24833,169974,SV,SVSZ01
2018-01-06T00:00:00.000+08:00,CR,52029,955827,TN,TNSZ01
2018-01-06T00:00:00.000+08:00,CR,33946,526080,TN,TNSZ02
2018-01-06T00:00:00.000+08:00,CR,64534,593622,TN,TNSZ03
2018-01-06T00:00:00.000+08:00,CR,47984,338724,TN,TNSZ04
2018-01-06T00:00:00.000+08:00,CR,61623,589527,TP,TPSZ01
2018-01-06T00:00:00.000+08:00,CR,80181,1172291,TP,TPSZ02
2018-01-06T00:00:00.000+08:00,CR,32118,335028,TP,TPSZ03
2018-01-06T00:00:00.000+08:00,CR,22696,323310,TP,TPSZ04
2018-01-06T00:00:00.000+08:00,CR,73590,382863,TP,TPSZ05
2018-01-06T00:00:00.000+08:00,CR,24959,359003,TP,TPSZ06
2018-01-06T00:00:00.000+08:00,CR,5804,88198,TP,TPSZ07
2018-01-06T00:00:00.000+08:00,CR,41839,593548,TP,TPSZ09
2018-01-06T00:00:00.000+08:00,CR,13994,19320,TP,TPSZ10
2018-01-06T00:00:00.000+08:00,CR,14352,16506,TP,TPSZ11
2018-01-06T00:00:00.000+08:00,CR,40515,703832,TP,TPSZ12
2018-01-07T00:00:00.000+08:00,CR,79111,990652,BM,BMSZ01
2018-01-07T00:00:00.000+08:00,CR,22756,321893,BM,BMSZ02
2018-01-07T00:00:00.000+08:00,CR,18841,117211,BM,BMSZ03
2018-01-07T00:00:00.000+08:00,CR,58077,446355,BM,BMSZ04
2018-01-07T00:00:00.000+08:00,CR,24274,281811,BM,BMSZ05
2018-01-07T00:00:00.000+08:00,CR,20604,177641,BM,BMSZ06
2018-01-07T00:00:00.000+08:00,CR,61838,851920,BM,BMSZ07
2018-01-07T00:00:00.000+08:00,CR,25187,414071,BM,BMSZ08
2018-01-07T00:00:00.000+08:00,CR,52176,710864,BM,BMSZ09
2018-01-07T00:00:00.000+08:00,CR,43832,380338,BM,BMSZ10
2018-01-07T00:00:00.000+08:00,CR,34066,308416,BM,BMSZ11
2018-01-07T00:00:00.000+08:00,CR,7506,58084,BM,BMSZ12
2018-01-07T00:00:00.000+08:00,CR,23865,489800,BM,BMSZ13
2018-01-07T00:00:00.000+08:00,CR,23188,339687,BM,BMSZ14
2018-01-07T00:00:00.000+08:00,CR,20370,318935,BM,BMSZ15
2018-01-07T00:00:00.000+08:00,CR,48620,514323,BM,BMSZ16
2018-01-07T00:00:00.000+08:00,CR,62838,458603,BM,BMSZ17
2018-01-07T00:00:00.000+08:00,CR,57290,1200531,BS,BSSZ01
2018-01-07T00:00:00.000+08:00,CR,51457,580457,BS,BSSZ02
2018-01-07T00:00:00.000+08:00,CR,109270,1048835,BS,BSSZ03
2018-01-07T00:00:00.000+08:00,CR,62776,1100220,BT,BTSZ01
2018-01-07T00:00:00.000+08:00,CR,22210,265415,BT,BTSZ02
2018-01-07T00:00:00.000+08:00,CR,18074,381237,BT,BTSZ03
2018-01-07T00:00:00.000+08:00,CR,17168,374171,BT,BTSZ04
2018-01-07T00:00:00.000+08:00,CR,67140,441234,BT,BTSZ05
2018-01-07T00:00:00.000+08:00,CR,56500,729598,BT,BTSZ06
2018-01-07T00:00:00.000+08:00,CR,26307,477093,BT,BTSZ07
2018-01-07T00:00:00.000+08:00,CR,24164,261630,BT,BTSZ08
2018-01-07T00:00:00.000+08:00,CR,120894,719122,DT,DTSZ01
2018-01-07T00:00:00.000+08:00,CR,107390,803002,DT,DTSZ02
2018-01-07T00:00:00.000+08:00,CR,83338,814717,DT,DTSZ03
2018-01-07T00:00:00.000+08:00,CR,12413,60040,DT,DTSZ04
2018-01-07T00:00:00.000+08:00,CR,49604,286223,DT,DTSZ05
2018-01-07T00:00:00.000+08:00,CR,33921,232101,DT,DTSZ06
2018-01-07T00:00:00.000+08:00,CR,4290,45860,DT,DTSZ07
2018-01-07T00:00:00.000+08:00,CR,32851,293867,DT,DTSZ08
2018-01-07T00:00:00.000+08:00,CR,23293,212109,DT,DTSZ09
2018-01-07T00:00:00.000+08:00,CR,19917,233623,DT,DTSZ10
2018-01-07T00:00:00.000+08:00,CR,16562,224037,DT,DTSZ11
2018-01-07T00:00:00.000+08:00,CR,63423,723767,DT,DTSZ12
2018-01-07T00:00:00.000+08:00,CR,55682,761334,GL,GLSZ01
2018-01-07T00:00:00.000+08:00,CR,44522,684813,GL,GLSZ02
2018-01-07T00:00:00.000+08:00,CR,96849,1192963,GL,GLSZ03
2018-01-07T00:00:00.000+08:00,CR,203753,4052593,GL,GLSZ04
2018-01-07T00:00:00.000+08:00,CR,135312,1903079,GL,GLSZ05
2018-01-07T00:00:00.000+08:00,CR,126357,1720899,KL,KLSZ01
2018-01-07T00:00:00.000+08:00,CR,34314,389482,KL,KLSZ02
2018-01-07T00:00:00.000+08:00,CR,18583,199845,KL,KLSZ03
2018-01-07T00:00:00.000+08:00,CR,37218,125925,KL,KLSZ04
2018-01-07T00:00:00.000+08:00,CR,85091,839525,KL,KLSZ05
2018-01-07T00:00:00.000+08:00,CR,134702,1240017,KL,KLSZ06
2018-01-07T00:00:00.000+08:00,CR,107760,972346,KL,KLSZ07
2018-01-07T00:00:00.000+08:00,CR,40628,323409,KL,KLSZ08
2018-01-07T00:00:00.000+08:00,CR,69721,790345,KL,KLSZ09
2018-01-07T00:00:00.000+08:00,CR,50629,209450,ME,MESZ01
2018-01-07T00:00:00.000+08:00,CR,37854,663588,MP,MPSZ01
2018-01-07T00:00:00.000+08:00,CR,44735,677997,MP,MPSZ02
2018-01-07T00:00:00.000+08:00,CR,78481,1550171,MP,MPSZ03
2018-01-07T00:00:00.000+08:00,CR,31334,141940,MS,MSSZ01
2018-01-07T00:00:00.000+08:00,CR,92563,359891,MU,MUSZ01
2018-01-07T00:00:00.000+08:00,CR,32220,172645,MU,MUSZ02
2018-01-07T00:00:00.000+08:00,CR,26464,192818,MU,MUSZ03
2018-01-07T00:00:00.000+08:00,CR,38106,341685,NT,NTSZ01
2018-01-07T00:00:00.000+08:00,CR,7187,71200,NT,NTSZ02
2018-01-07T00:00:00.000+08:00,CR,34248,160103,NT,NTSZ03
2018-01-07T00:00:00.000+08:00,CR,32704,550849,NT,NTSZ04
2018-01-07T00:00:00.000+08:00,CR,9594,15138,NT,NTSZ05
2018-01-07T00:00:00.000+08:00,CR,15224,111194,NT,NTSZ06
2018-01-07T00:00:00.000+08:00,CR,118938,1712740,NV,NVSZ01
2018-01-07T00:00:00.000+08:00,CR,101755,1119425,NV,NVSZ02
2018-01-07T00:00:00.000+08:00,CR,33496,342916,NV,NVSZ03
2018-01-07T00:00:00.000+08:00,CR,50494,208151,NV,NVSZ04
2018-01-07T00:00:00.000+08:00,CR,5623,43632,NV,NVSZ05
2018-01-07T00:00:00.000+08:00,CR,28557,429899,OR,ORSZ01
2018-01-07T00:00:00.000+08:00,CR,135419,1942646,OR,ORSZ02
2018-01-07T00:00:00.000+08:00,CR,118271,1182762,OR,ORSZ03
2018-01-07T00:00:00.000+08:00,CR,79753,788694,OT,OTSZ01
2018-01-07T00:00:00.000+08:00,CR,69370,157939,OT,OTSZ02
2018-01-07T00:00:00.000+08:00,CR,65189,723385,OT,OTSZ03
2018-01-07T00:00:00.000+08:00,CR,31012,227964,OT,OTSZ04
2018-01-07T00:00:00.000+08:00,CR,33772,374186,QT,QTSZ01
2018-01-07T00:00:00.000+08:00,CR,23841,396415,QT,QTSZ02
2018-01-07T00:00:00.000+08:00,CR,11000,165865,QT,QTSZ03
2018-01-07T00:00:00.000+08:00,CR,48361,358201,QT,QTSZ04
2018-01-01T00:00:00.000+08:00,NR,59697,252073,CC,CCSZ01
2018-01-01T00:00:00.000+08:00,NR,19549,307436,LK,LKSZ01
2018-01-01T00:00:00.000+08:00,NR,2581,4801,MD,MDSZ01
2018-01-01T00:00:00.000+08:00,NR,17929,77613,MD,MDSZ02
2018-01-01T00:00:00.000+08:00,NR,471,11822,MD,MDSZ03
2018-01-01T00:00:00.000+08:00,NR,12969,227468,SB,SBSZ01
2018-01-01T00:00:00.000+08:00,NR,12524,217484,SB,SBSZ02
2018-01-01T00:00:00.000+08:00,NR,46725,788276,SB,SBSZ03
2018-01-01T00:00:00.000+08:00,NR,38003,1230692,SB,SBSZ04
2018-01-01T00:00:00.000+08:00,NR,13130,235637,SB,SBSZ05
2018-01-01T00:00:00.000+08:00,NR,10672,195812,SB,SBSZ06
2018-01-01T00:00:00.000+08:00,NR,9053,243101,SB,SBSZ07
2018-01-01T00:00:00.000+08:00,NR,33311,775599,SB,SBSZ08
2018-01-01T00:00:00.000+08:00,NR,49927,817452,SB,SBSZ09
2018-01-01T00:00:00.000+08:00,NR,46201,1203659,SK,SKSZ01
2018-01-01T00:00:00.000+08:00,NR,24874,111561,SK,SKSZ02
2018-01-01T00:00:00.000+08:00,NR,28814,902312,SK,SKSZ03
2018-01-01T00:00:00.000+08:00,NR,26692,780457,SK,SKSZ04
2018-01-01T00:00:00.000+08:00,NR,15877,427114,SK,SKSZ05
2018-01-01T00:00:00.000+08:00,NR,11430,657833,SM,SMSZ01
2018-01-01T00:00:00.000+08:00,NR,14714,121900,WD,WDSZ01
2018-01-01T00:00:00.000+08:00,NR,54061,929945,WD,WDSZ02
2018-01-01T00:00:00.000+08:00,NR,101138,2622216,WD,WDSZ03
2018-01-01T00:00:00.000+08:00,NR,33201,875935,WD,WDSZ04
2018-01-01T00:00:00.000+08:00,NR,42975,711183,WD,WDSZ05
2018-01-01T00:00:00.000+08:00,NR,56900,971586,WD,WDSZ06
2018-01-01T00:00:00.000+08:00,NR,2822,26879,WD,WDSZ07
2018-01-01T00:00:00.000+08:00,NR,43637,876002,WD,WDSZ08
2018-01-01T00:00:00.000+08:00,NR,103293,1254959,WD,WDSZ09
2018-01-01T00:00:00.000+08:00,NR,24633,234487,YS,YSSZ01
2018-01-01T00:00:00.000+08:00,NR,52438,1259508,YS,YSSZ02
2018-01-01T00:00:00.000+08:00,NR,34036,993838,YS,YSSZ03
2018-01-01T00:00:00.000+08:00,NR,52492,1141879,YS,YSSZ04
2018-01-01T00:00:00.000+08:00,NR,36056,317828,YS,YSSZ05
2018-01-01T00:00:00.000+08:00,NR,5685,138317,YS,YSSZ06
2018-01-01T00:00:00.000+08:00,NR,40253,195249,YS,YSSZ07
2018-01-01T00:00:00.000+08:00,NR,11787,191175,YS,YSSZ08
2018-01-01T00:00:00.000+08:00,NR,70856,1449766,YS,YSSZ09
2018-01-02T00:00:00.000+08:00,NR,87849,306014,CC,CCSZ01
2018-01-02T00:00:00.000+08:00,NR,28281,326997,LK,LKSZ01
2018-01-02T00:00:00.000+08:00,NR,4901,14604,MD,MDSZ01
2018-01-02T00:00:00.000+08:00,NR,27761,118750,MD,MDSZ02
2018-01-02T00:00:00.000+08:00,NR,475,10784,MD,MDSZ03
2018-01-02T00:00:00.000+08:00,NR,14090,225559,SB,SBSZ01
2018-01-02T00:00:00.000+08:00,NR,13793,210614,SB,SBSZ02
2018-01-02T00:00:00.000+08:00,NR,54819,766233,SB,SBSZ03
2018-01-02T00:00:00.000+08:00,NR,47947,1114696,SB,SBSZ04
2018-01-02T00:00:00.000+08:00,NR,15097,239622,SB,SBSZ05
2018-01-02T00:00:00.000+08:00,NR,13612,256401,SB,SBSZ06
2018-01-02T00:00:00.000+08:00,NR,13277,335070,SB,SBSZ07
2018-01-02T00:00:00.000+08:00,NR,52975,963718,SB,SBSZ08
2018-01-02T00:00:00.000+08:00,NR,71904,954824,SB,SBSZ09
2018-01-02T00:00:00.000+08:00,NR,56874,950565,SK,SKSZ01
2018-01-02T00:00:00.000+08:00,NR,36079,101095,SK,SKSZ02
2018-01-02T00:00:00.000+08:00,NR,29523,659003,SK,SKSZ03
2018-01-02T00:00:00.000+08:00,NR,35338,745290,SK,SKSZ04
2018-01-02T00:00:00.000+08:00,NR,20609,385267,SK,SKSZ05
2018-01-02T00:00:00.000+08:00,NR,11425,403032,SM,SMSZ01
2018-01-02T00:00:00.000+08:00,NR,13134,109045,WD,WDSZ01
2018-01-02T00:00:00.000+08:00,NR,61784,897954,WD,WDSZ02
2018-01-02T00:00:00.000+08:00,NR,131467,2464711,WD,WDSZ03
2018-01-02T00:00:00.000+08:00,NR,47763,914184,WD,WDSZ04
2018-01-02T00:00:00.000+08:00,NR,50922,684117,WD,WDSZ05
2018-01-02T00:00:00.000+08:00,NR,74482,1063125,WD,WDSZ06
2018-01-02T00:00:00.000+08:00,NR,5728,74054,WD,WDSZ07
2018-01-02T00:00:00.000+08:00,NR,52188,773291,WD,WDSZ08
2018-01-02T00:00:00.000+08:00,NR,118064,1288432,WD,WDSZ09
2018-01-02T00:00:00.000+08:00,NR,22953,264377,YS,YSSZ01
2018-01-02T00:00:00.000+08:00,NR,63817,1291665,YS,YSSZ02
2018-01-02T00:00:00.000+08:00,NR,41210,930523,YS,YSSZ03
2018-01-02T00:00:00.000+08:00,NR,62911,1075617,YS,YSSZ04
2018-01-02T00:00:00.000+08:00,NR,48965,321129,YS,YSSZ05
2018-01-02T00:00:00.000+08:00,NR,7551,140848,YS,YSSZ06
2018-01-02T00:00:00.000+08:00,NR,65945,294866,YS,YSSZ07
2018-01-02T00:00:00.000+08:00,NR,14595,183258,YS,YSSZ08
2018-01-02T00:00:00.000+08:00,NR,78542,1389933,YS,YSSZ09
2018-01-03T00:00:00.000+08:00,NR,95994,301459,CC,CCSZ01
2018-01-03T00:00:00.000+08:00,NR,30984,361500,LK,LKSZ01
2018-01-03T00:00:00.000+08:00,NR,5022,14855,MD,MDSZ01
2018-01-03T00:00:00.000+08:00,NR,29280,127941,MD,MDSZ02
2018-01-03T00:00:00.000+08:00,NR,522,11089,MD,MDSZ03
2018-01-03T00:00:00.000+08:00,NR,14702,229921,SB,SBSZ01
2018-01-03T00:00:00.000+08:00,NR,16953,217841,SB,SBSZ02
2018-01-03T00:00:00.000+08:00,NR,55216,753746,SB,SBSZ03
2018-01-03T00:00:00.000+08:00,NR,49059,1110947,SB,SBSZ04
2018-01-03T00:00:00.000+08:00,NR,15410,246318,SB,SBSZ05
2018-01-03T00:00:00.000+08:00,NR,13632,266236,SB,SBSZ06
2018-01-03T00:00:00.000+08:00,NR,13638,341249,SB,SBSZ07
2018-01-03T00:00:00.000+08:00,NR,51212,995019,SB,SBSZ08
2018-01-03T00:00:00.000+08:00,NR,73980,978102,SB,SBSZ09
2018-01-03T00:00:00.000+08:00,NR,58689,963812,SK,SKSZ01
2018-01-03T00:00:00.000+08:00,NR,39334,107083,SK,SKSZ02
2018-01-03T00:00:00.000+08:00,NR,29615,650043,SK,SKSZ03
2018-01-03T00:00:00.000+08:00,NR,34584,738341,SK,SKSZ04
2018-01-03T00:00:00.000+08:00,NR,20485,373791,SK,SKSZ05
2018-01-03T00:00:00.000+08:00,NR,11368,394583,SM,SMSZ01
2018-01-03T00:00:00.000+08:00,NR,12933,107302,WD,WDSZ01
2018-01-03T00:00:00.000+08:00,NR,62483,901988,WD,WDSZ02
2018-01-03T00:00:00.000+08:00,NR,132026,2479392,WD,WDSZ03
2018-01-03T00:00:00.000+08:00,NR,50613,906320,WD,WDSZ04
2018-01-03T00:00:00.000+08:00,NR,54737,703304,WD,WDSZ05
2018-01-03T00:00:00.000+08:00,NR,76143,1073021,WD,WDSZ06
2018-01-03T00:00:00.000+08:00,NR,5893,78727,WD,WDSZ07
2018-01-03T00:00:00.000+08:00,NR,54105,782214,WD,WDSZ08
2018-01-03T00:00:00.000+08:00,NR,116296,1280217,WD,WDSZ09
2018-01-03T00:00:00.000+08:00,NR,23630,273614,YS,YSSZ01
2018-01-03T00:00:00.000+08:00,NR,63314,1302056,YS,YSSZ02
2018-01-03T00:00:00.000+08:00,NR,42927,932560,YS,YSSZ03
2018-01-03T00:00:00.000+08:00,NR,65363,1083298,YS,YSSZ04
2018-01-03T00:00:00.000+08:00,NR,49753,324949,YS,YSSZ05
2018-01-03T00:00:00.000+08:00,NR,7997,140223,YS,YSSZ06
2018-01-03T00:00:00.000+08:00,NR,67293,302368,YS,YSSZ07
2018-01-03T00:00:00.000+08:00,NR,15679,172188,YS,YSSZ08
2018-01-03T00:00:00.000+08:00,NR,76822,1397899,YS,YSSZ09
2018-01-04T00:00:00.000+08:00,NR,99116,310400,CC,CCSZ01
2018-01-04T00:00:00.000+08:00,NR,32674,368427,LK,LKSZ01
2018-01-04T00:00:00.000+08:00,NR,5090,15588,MD,MDSZ01
2018-01-04T00:00:00.000+08:00,NR,28353,130644,MD,MDSZ02
2018-01-04T00:00:00.000+08:00,NR,490,10944,MD,MDSZ03
2018-01-04T00:00:00.000+08:00,NR,16068,245437,SB,SBSZ01
2018-01-04T00:00:00.000+08:00,NR,16316,218433,SB,SBSZ02
2018-01-04T00:00:00.000+08:00,NR,53390,755556,SB,SBSZ03
2018-01-04T00:00:00.000+08:00,NR,48614,1105797,SB,SBSZ04
2018-01-04T00:00:00.000+08:00,NR,16045,243867,SB,SBSZ05
2018-01-04T00:00:00.000+08:00,NR,14305,264711,SB,SBSZ06
2018-01-04T00:00:00.000+08:00,NR,13815,343904,SB,SBSZ07
2018-01-04T00:00:00.000+08:00,NR,56120,1001051,SB,SBSZ08
2018-01-04T00:00:00.000+08:00,NR,71456,978537,SB,SBSZ09
2018-01-04T00:00:00.000+08:00,NR,58339,966676,SK,SKSZ01
2018-01-04T00:00:00.000+08:00,NR,37241,104004,SK,SKSZ02
2018-01-04T00:00:00.000+08:00,NR,29645,655650,SK,SKSZ03
2018-01-04T00:00:00.000+08:00,NR,34929,744470,SK,SKSZ04
2018-01-04T00:00:00.000+08:00,NR,20335,378775,SK,SKSZ05
2018-01-04T00:00:00.000+08:00,NR,11420,391057,SM,SMSZ01
2018-01-04T00:00:00.000+08:00,NR,12542,108880,WD,WDSZ01
2018-01-04T00:00:00.000+08:00,NR,62053,910760,WD,WDSZ02
2018-01-04T00:00:00.000+08:00,NR,132014,2484045,WD,WDSZ03
2018-01-04T00:00:00.000+08:00,NR,48877,913483,WD,WDSZ04
2018-01-04T00:00:00.000+08:00,NR,57249,717269,WD,WDSZ05
2018-01-04T00:00:00.000+08:00,NR,77744,1080567,WD,WDSZ06
2018-01-04T00:00:00.000+08:00,NR,6232,82189,WD,WDSZ07
2018-01-04T00:00:00.000+08:00,NR,53509,779973,WD,WDSZ08
2018-01-04T00:00:00.000+08:00,NR,119794,1283822,WD,WDSZ09
2018-01-04T00:00:00.000+08:00,NR,24023,270768,YS,YSSZ01
2018-01-01T00:00:00.000+08:00,NER,18581,139460,AM,AMSZ01
2018-01-01T00:00:00.000+08:00,NER,54853,860506,AM,AMSZ02
2018-01-01T00:00:00.000+08:00,NER,45849,847657,AM,AMSZ03
2018-01-01T00:00:00.000+08:00,NER,40090,659613,AM,AMSZ04
2018-01-01T00:00:00.000+08:00,NER,23459,521342,AM,AMSZ05
2018-01-01T00:00:00.000+08:00,NER,22908,635168,AM,AMSZ06
2018-01-01T00:00:00.000+08:00,NER,14589,213941,AM,AMSZ07
2018-01-01T00:00:00.000+08:00,NER,28011,528915,AM,AMSZ08
2018-01-01T00:00:00.000+08:00,NER,23891,498076,AM,AMSZ09
2018-01-01T00:00:00.000+08:00,NER,49259,354668,AM,AMSZ10
2018-01-01T00:00:00.000+08:00,NER,13793,21900,AM,AMSZ11
2018-01-01T00:00:00.000+08:00,NER,34856,259517,AM,AMSZ12
2018-01-01T00:00:00.000+08:00,NER,22367,104197,HG,HGSZ01
2018-01-01T00:00:00.000+08:00,NER,45522,882086,HG,HGSZ02
2018-01-01T00:00:00.000+08:00,NER,27475,599910,HG,HGSZ03
2018-01-01T00:00:00.000+08:00,NER,54922,1371219,HG,HGSZ04
2018-01-01T00:00:00.000+08:00,NER,48431,988740,HG,HGSZ05
2018-01-01T00:00:00.000+08:00,NER,5674,124664,HG,HGSZ06
2018-01-01T00:00:00.000+08:00,NER,70330,1614221,HG,HGSZ07
2018-01-01T00:00:00.000+08:00,NER,63369,1112181,HG,HGSZ08
2018-01-01T00:00:00.000+08:00,NER,12585,19448,HG,HGSZ09
2018-01-01T00:00:00.000+08:00,NER,8759,88058,NE,NESZ01
2018-01-01T00:00:00.000+08:00,NER,21634,605614,PG,PGSZ01
2018-01-01T00:00:00.000+08:00,NER,29587,402875,PG,PGSZ02
2018-01-01T00:00:00.000+08:00,NER,52294,925574,PG,PGSZ03
2018-01-01T00:00:00.000+08:00,NER,50632,1333839,PG,PGSZ04
2018-01-01T00:00:00.000+08:00,NER,21969,718546,PG,PGSZ05
2018-01-01T00:00:00.000+08:00,NER,51979,1047573,SE,SESZ02
2018-01-01T00:00:00.000+08:00,NER,72857,1598226,SE,SESZ03
2018-01-01T00:00:00.000+08:00,NER,42842,1004127,SE,SESZ04
2018-01-01T00:00:00.000+08:00,NER,20581,279828,SE,SESZ05
2018-01-01T00:00:00.000+08:00,NER,43920,1072698,SE,SESZ06
2018-01-01T00:00:00.000+08:00,NER,43254,489443,SG,SGSZ01
2018-01-01T00:00:00.000+08:00,NER,19971,263616,SG,SGSZ02
2018-01-01T00:00:00.000+08:00,NER,29338,657491,SG,SGSZ03
2018-01-01T00:00:00.000+08:00,NER,42655,917163,SG,SGSZ04
2018-01-01T00:00:00.000+08:00,NER,21407,333891,SG,SGSZ05
2018-01-01T00:00:00.000+08:00,NER,88341,1186427,SG,SGSZ06
2018-01-01T00:00:00.000+08:00,NER,14703,202188,SG,SGSZ07
2018-01-01T00:00:00.000+08:00,NER,11192,106913,SL,SLSZ01
2018-01-01T00:00:00.000+08:00,NER,19994,691550,SL,SLSZ03
2018-01-01T00:00:00.000+08:00,NER,22600,96148,SL,SLSZ04
2018-01-02T00:00:00.000+08:00,NER,20346,134695,AM,AMSZ01
2018-01-02T00:00:00.000+08:00,NER,73250,884243,AM,AMSZ02
2018-01-02T00:00:00.000+08:00,NER,57043,836968,AM,AMSZ03
2018-01-02T00:00:00.000+08:00,NER,46449,613572,AM,AMSZ04
2018-01-02T00:00:00.000+08:00,NER,30553,525721,AM,AMSZ05
2018-01-02T00:00:00.000+08:00,NER,24845,585491,AM,AMSZ06
2018-01-02T00:00:00.000+08:00,NER,20351,227030,AM,AMSZ07
2018-01-02T00:00:00.000+08:00,NER,37391,547444,AM,AMSZ08
2018-01-02T00:00:00.000+08:00,NER,32974,514134,AM,AMSZ09
2018-01-02T00:00:00.000+08:00,NER,66539,553786,AM,AMSZ10
2018-01-02T00:00:00.000+08:00,NER,23405,41342,AM,AMSZ11
2018-01-02T00:00:00.000+08:00,NER,58558,370390,AM,AMSZ12
2018-01-02T00:00:00.000+08:00,NER,28216,106596,HG,HGSZ01
2018-01-02T00:00:00.000+08:00,NER,58261,806339,HG,HGSZ02
2018-01-02T00:00:00.000+08:00,NER,30348,535302,HG,HGSZ03
2018-01-02T00:00:00.000+08:00,NER,59022,1224121,HG,HGSZ04
2018-01-02T00:00:00.000+08:00,NER,58496,976725,HG,HGSZ05
2018-01-02T00:00:00.000+08:00,NER,14816,173800,HG,HGSZ06
2018-01-02T00:00:00.000+08:00,NER,84051,1571030,HG,HGSZ07
2018-01-02T00:00:00.000+08:00,NER,109376,1419193,HG,HGSZ08
2018-01-02T00:00:00.000+08:00,NER,17572,30991,HG,HGSZ09
2018-01-02T00:00:00.000+08:00,NER,8774,115294,NE,NESZ01
2018-01-02T00:00:00.000+08:00,NER,21508,463041,PG,PGSZ01
2018-01-02T00:00:00.000+08:00,NER,24967,338162,PG,PGSZ02
2018-01-02T00:00:00.000+08:00,NER,59311,857949,PG,PGSZ03
2018-01-02T00:00:00.000+08:00,NER,64768,1229103,PG,PGSZ04
2018-01-02T00:00:00.000+08:00,NER,24744,683836,PG,PGSZ05
2018-01-02T00:00:00.000+08:00,NER,59511,965644,SE,SESZ02
2018-01-02T00:00:00.000+08:00,NER,85177,1473493,SE,SESZ03
2018-01-02T00:00:00.000+08:00,NER,56280,1045046,SE,SESZ04
2018-01-02T00:00:00.000+08:00,NER,23705,258556,SE,SESZ05
2018-01-02T00:00:00.000+08:00,NER,55292,1049801,SE,SESZ06
2018-01-02T00:00:00.000+08:00,NER,60730,525442,SG,SGSZ01
2018-01-02T00:00:00.000+08:00,NER,33822,396749,SG,SGSZ02
2018-01-02T00:00:00.000+08:00,NER,40813,756236,SG,SGSZ03
2018-01-02T00:00:00.000+08:00,NER,47351,868896,SG,SGSZ04
2018-01-02T00:00:00.000+08:00,NER,33140,365216,SG,SGSZ05
2018-01-02T00:00:00.000+08:00,NER,100051,1117990,SG,SGSZ06
2018-01-02T00:00:00.000+08:00,NER,24828,225642,SG,SGSZ07
2018-01-02T00:00:00.000+08:00,NER,19934,196436,SL,SLSZ01
2018-01-02T00:00:00.000+08:00,NER,21767,468902,SL,SLSZ03
2018-01-02T00:00:00.000+08:00,NER,34881,123428,SL,SLSZ04
2018-01-03T00:00:00.000+08:00,NER,18824,134459,AM,AMSZ01
2018-01-03T00:00:00.000+08:00,NER,71356,887088,AM,AMSZ02
2018-01-03T00:00:00.000+08:00,NER,59360,848120,AM,AMSZ03
2018-01-03T00:00:00.000+08:00,NER,46429,614636,AM,AMSZ04
2018-01-03T00:00:00.000+08:00,NER,29885,530955,AM,AMSZ05
2018-01-03T00:00:00.000+08:00,NER,25250,593334,AM,AMSZ06
2018-01-03T00:00:00.000+08:00,NER,21026,229801,AM,AMSZ07
2018-01-03T00:00:00.000+08:00,NER,38402,556421,AM,AMSZ08
2018-01-03T00:00:00.000+08:00,NER,32230,513821,AM,AMSZ09
2018-01-03T00:00:00.000+08:00,NER,67338,568350,AM,AMSZ10
2018-01-03T00:00:00.000+08:00,NER,24172,42692,AM,AMSZ11
2018-01-03T00:00:00.000+08:00,NER,62567,394461,AM,AMSZ12
2018-01-03T00:00:00.000+08:00,NER,28557,111139,HG,HGSZ01
2018-01-03T00:00:00.000+08:00,NER,54711,797155,HG,HGSZ02
2018-01-03T00:00:00.000+08:00,NER,30561,531742,HG,HGSZ03
2018-01-03T00:00:00.000+08:00,NER,58194,1200103,HG,HGSZ04
2018-01-03T00:00:00.000+08:00,NER,58325,981165,HG,HGSZ05
2018-01-03T00:00:00.000+08:00,NER,18801,259324,HG,HGSZ06
2018-01-03T00:00:00.000+08:00,NER,83321,1565063,HG,HGSZ07
2018-01-03T00:00:00.000+08:00,NER,110579,1451798,HG,HGSZ08
2018-01-03T00:00:00.000+08:00,NER,18854,32063,HG,HGSZ09
2018-01-03T00:00:00.000+08:00,NER,9098,126977,NE,NESZ01
2018-01-03T00:00:00.000+08:00,NER,21835,466399,PG,PGSZ01
2018-01-03T00:00:00.000+08:00,NER,25229,329821,PG,PGSZ02
2018-01-03T00:00:00.000+08:00,NER,59644,861804,PG,PGSZ03
2018-01-03T00:00:00.000+08:00,NER,66220,1214822,PG,PGSZ04
2018-01-03T00:00:00.000+08:00,NER,24917,679563,PG,PGSZ05
2018-01-03T00:00:00.000+08:00,NER,58115,957114,SE,SESZ02
2018-01-03T00:00:00.000+08:00,NER,86854,1475245,SE,SESZ03
2018-01-03T00:00:00.000+08:00,NER,54035,1041505,SE,SESZ04
2018-01-03T00:00:00.000+08:00,NER,23436,254813,SE,SESZ05
2018-01-03T00:00:00.000+08:00,NER,55929,1040641,SE,SESZ06
2018-01-03T00:00:00.000+08:00,NER,59828,529415,SG,SGSZ01
2018-01-03T00:00:00.000+08:00,NER,35197,412464,SG,SGSZ02
2018-01-03T00:00:00.000+08:00,NER,41240,774631,SG,SGSZ03
2018-01-03T00:00:00.000+08:00,NER,49095,869316,SG,SGSZ04
2018-01-03T00:00:00.000+08:00,NER,35859,368194,SG,SGSZ05
2018-01-03T00:00:00.000+08:00,NER,100476,1129637,SG,SGSZ06
2018-01-03T00:00:00.000+08:00,NER,26995,229001,SG,SGSZ07
2018-01-03T00:00:00.000+08:00,NER,22170,208398,SL,SLSZ01
2018-01-03T00:00:00.000+08:00,NER,22268,455204,SL,SLSZ03
2018-01-03T00:00:00.000+08:00,NER,37230,125759,SL,SLSZ04
2018-01-04T00:00:00.000+08:00,NER,19645,135086,AM,AMSZ01
2018-01-04T00:00:00.000+08:00,NER,74602,884717,AM,AMSZ02
2018-01-04T00:00:00.000+08:00,NER,59886,851872,AM,AMSZ03
2018-01-04T00:00:00.000+08:00,NER,45814,623867,AM,AMSZ04
2018-01-04T00:00:00.000+08:00,NER,29599,528749,AM,AMSZ05
2018-01-04T00:00:00.000+08:00,NER,25250,603171,AM,AMSZ06
2018-01-04T00:00:00.000+08:00,NER,22386,226422,AM,AMSZ07
2018-01-04T00:00:00.000+08:00,NER,38449,551320,AM,AMSZ08
2018-01-04T00:00:00.000+08:00,NER,32009,503789,AM,AMSZ09
2018-01-04T00:00:00.000+08:00,NER,67168,571358,AM,AMSZ10
2018-01-04T00:00:00.000+08:00,NER,24492,43841,AM,AMSZ11
2018-01-04T00:00:00.000+08:00,NER,63756,399395,AM,AMSZ12
2018-01-04T00:00:00.000+08:00,NER,29132,111090,HG,HGSZ01
2018-01-04T00:00:00.000+08:00,NER,58938,801737,HG,HGSZ02
2018-01-04T00:00:00.000+08:00,NER,31506,529756,HG,HGSZ03
2018-01-04T00:00:00.000+08:00,NER,56213,1193809,HG,HGSZ04
2018-01-04T00:00:00.000+08:00,NER,57992,981859,HG,HGSZ05
2018-01-04T00:00:00.000+08:00,NER,18888,257413,HG,HGSZ06
2018-01-04T00:00:00.000+08:00,NER,86343,1582326,HG,HGSZ07
2018-01-04T00:00:00.000+08:00,NER,112621,1450283,HG,HGSZ08
2018-01-04T00:00:00.000+08:00,NER,20069,35076,HG,HGSZ09
2018-01-04T00:00:00.000+08:00,NER,9505,134766,NE,NESZ01
2018-01-04T00:00:00.000+08:00,NER,21717,465975,PG,PGSZ01
2018-01-04T00:00:00.000+08:00,NER,26094,335282,PG,PGSZ02
2018-01-04T00:00:00.000+08:00,NER,61081,864005,PG,PGSZ03
2018-01-04T00:00:00.000+08:00,NER,68211,1224466,PG,PGSZ04
2018-01-04T00:00:00.000+08:00,NER,24611,673492,PG,PGSZ05
2018-01-04T00:00:00.000+08:00,NER,60847,955365,SE,SESZ02
2018-01-04T00:00:00.000+08:00,NER,87624,1494098,SE,SESZ03
2018-01-04T00:00:00.000+08:00,NER,55646,1022586,SE,SESZ04
2018-01-04T00:00:00.000+08:00,NER,22947,254433,SE,SESZ05
2018-01-04T00:00:00.000+08:00,NER,55547,1038497,SE,SESZ06
2018-01-04T00:00:00.000+08:00,NER,60558,528486,SG,SGSZ01
2018-01-04T00:00:00.000+08:00,NER,35003,408005,SG,SGSZ02
2018-01-04T00:00:00.000+08:00,NER,41804,768875,SG,SGSZ03
2018-01-04T00:00:00.000+08:00,NER,49376,872471,SG,SGSZ04
2018-01-04T00:00:00.000+08:00,NER,35512,368997,SG,SGSZ05
2018-01-04T00:00:00.000+08:00,NER,105054,1131968,SG,SGSZ06
2018-01-04T00:00:00.000+08:00,NER,26469,227186,SG,SGSZ07
2018-01-04T00:00:00.000+08:00,NER,22006,207058,SL,SLSZ01
2018-01-04T00:00:00.000+08:00,NER,22299,448209,SL,SLSZ03
2018-01-04T00:00:00.000+08:00,NER,39006,129565,SL,SLSZ04
2018-01-05T00:00:00.000+08:00,NER,21269,141245,AM,AMSZ01
2018-01-05T00:00:00.000+08:00,NER,77259,874404,AM,AMSZ02
2018-01-05T00:00:00.000+08:00,NER,62451,854073,AM,AMSZ03
2018-01-05T00:00:00.000+08:00,NER,49124,616657,AM,AMSZ04
2018-01-05T00:00:00.000+08:00,NER,30421,526134,AM,AMSZ05
2018-01-05T00:00:00.000+08:00,NER,26555,594382,AM,AMSZ06
2018-01-05T00:00:00.000+08:00,NER,23417,222587,AM,AMSZ07
2018-01-05T00:00:00.000+08:00,NER,37099,545720,AM,AMSZ08
2018-01-05T00:00:00.000+08:00,NER,32409,501483,AM,AMSZ09
2018-01-05T00:00:00.000+08:00,NER,68837,560995,AM,AMSZ10
2018-01-05T00:00:00.000+08:00,NER,25668,43197,AM,AMSZ11
2018-01-05T00:00:00.000+08:00,NER,64808,402598,AM,AMSZ12
2018-01-05T00:00:00.000+08:00,NER,30340,112957,HG,HGSZ01
2018-01-05T00:00:00.000+08:00,NER,59902,811291,HG,HGSZ02
2018-01-05T00:00:00.000+08:00,NER,33057,521317,HG,HGSZ03
2018-01-05T00:00:00.000+08:00,NER,58555,1170904,HG,HGSZ04
2018-01-05T00:00:00.000+08:00,NER,59048,967887,HG,HGSZ05
2018-01-05T00:00:00.000+08:00,NER,19751,254494,HG,HGSZ06
2018-01-05T00:00:00.000+08:00,NER,87720,1601172,HG,HGSZ07
2018-01-05T00:00:00.000+08:00,NER,113978,1440550,HG,HGSZ08
2018-01-05T00:00:00.000+08:00,NER,21233,35982,HG,HGSZ09
2018-01-05T00:00:00.000+08:00,NER,9704,141804,NE,NESZ01
2018-01-05T00:00:00.000+08:00,NER,22044,469905,PG,PGSZ01
2018-01-05T00:00:00.000+08:00,NER,27617,340120,PG,PGSZ02
2018-01-05T00:00:00.000+08:00,NER,65540,862114,PG,PGSZ03
2018-01-05T00:00:00.000+08:00,NER,67208,1213146,PG,PGSZ04
2018-01-05T00:00:00.000+08:00,NER,25164,668733,PG,PGSZ05
2018-01-05T00:00:00.000+08:00,NER,61347,951861,SE,SESZ02
2018-01-05T00:00:00.000+08:00,NER,85847,1479669,SE,SESZ03
2018-01-05T00:00:00.000+08:00,NER,54346,1005892,SE,SESZ04
2018-01-05T00:00:00.000+08:00,NER,25869,253113,SE,SESZ05
2018-01-05T00:00:00.000+08:00,NER,56434,1040514,SE,SESZ06
2018-01-05T00:00:00.000+08:00,NER,63488,526662,SG,SGSZ01
2018-01-05T00:00:00.000+08:00,NER,35014,405832,SG,SGSZ02
2018-01-05T00:00:00.000+08:00,NER,41371,751962,SG,SGSZ03
2018-01-05T00:00:00.000+08:00,NER,51509,876637,SG,SGSZ04
2018-01-05T00:00:00.000+08:00,NER,36770,373753,SG,SGSZ05
2018-01-05T00:00:00.000+08:00,NER,114764,1143704,SG,SGSZ06
2018-01-05T00:00:00.000+08:00,NER,27028,227941,SG,SGSZ07
2018-01-05T00:00:00.000+08:00,NER,21931,201239,SL,SLSZ01
2018-01-05T00:00:00.000+08:00,NER,22394,445730,SL,SLSZ03
2018-01-05T00:00:00.000+08:00,NER,37517,128444,SL,SLSZ04
2018-01-06T00:00:00.000+08:00,NER,21318,156028,AM,AMSZ01
2018-01-06T00:00:00.000+08:00,NER,68595,913873,AM,AMSZ02
2018-01-06T00:00:00.000+08:00,NER,60931,897742,AM,AMSZ03
2018-01-06T00:00:00.000+08:00,NER,45989,672142,AM,AMSZ04
2018-01-06T00:00:00.000+08:00,NER,30976,570051,AM,AMSZ05
2018-01-06T00:00:00.000+08:00,NER,26001,643897,AM,AMSZ06
2018-01-06T00:00:00.000+08:00,NER,20470,230364,AM,AMSZ07
2018-01-06T00:00:00.000+08:00,NER,37001,544594,AM,AMSZ08
2018-01-06T00:00:00.000+08:00,NER,30633,525312,AM,AMSZ09
2018-01-06T00:00:00.000+08:00,NER,55453,405177,AM,AMSZ10
2018-01-06T00:00:00.000+08:00,NER,22348,39535,AM,AMSZ11
2018-01-06T00:00:00.000+08:00,NER,59441,346379,AM,AMSZ12
2018-01-06T00:00:00.000+08:00,NER,26550,119642,HG,HGSZ01
2018-01-06T00:00:00.000+08:00,NER,56230,870194,HG,HGSZ02
2018-01-06T00:00:00.000+08:00,NER,31880,595659,HG,HGSZ03
2018-01-06T00:00:00.000+08:00,NER,56094,1295309,HG,HGSZ04
2018-01-06T00:00:00.000+08:00,NER,57582,1030629,HG,HGSZ05
2018-01-06T00:00:00.000+08:00,NER,20351,285917,HG,HGSZ06
2018-01-06T00:00:00.000+08:00,NER,88150,1682421,HG,HGSZ07
2018-01-06T00:00:00.000+08:00,NER,96957,1263595,HG,HGSZ08
2018-01-06T00:00:00.000+08:00,NER,19968,33202,HG,HGSZ09
2018-01-06T00:00:00.000+08:00,NER,12065,137244,NE,NESZ01
2018-01-06T00:00:00.000+08:00,NER,24662,484614,PG,PGSZ01
2018-01-06T00:00:00.000+08:00,NER,31436,414951,PG,PGSZ02
2018-01-06T00:00:00.000+08:00,NER,64888,964486,PG,PGSZ03
2018-01-06T00:00:00.000+08:00,NER,67767,1357054,PG,PGSZ04
2018-01-06T00:00:00.000+08:00,NER,27782,758722,PG,PGSZ05
2018-01-06T00:00:00.000+08:00,NER,63621,1071001,SE,SESZ02
2018-01-06T00:00:00.000+08:00,NER,85682,1669526,SE,SESZ03
2018-01-06T00:00:00.000+08:00,NER,55773,1098911,SE,SESZ04
2018-01-06T00:00:00.000+08:00,NER,22843,287298,SE,SESZ05
2018-01-06T00:00:00.000+08:00,NER,55022,1141156,SE,SESZ06
2018-01-06T00:00:00.000+08:00,NER,61374,549936,SG,SGSZ01
2018-01-06T00:00:00.000+08:00,NER,29013,314836,SG,SGSZ02
2018-01-06T00:00:00.000+08:00,NER,34935,686507,SG,SGSZ03
2018-01-06T00:00:00.000+08:00,NER,51326,948110,SG,SGSZ04
2018-01-06T00:00:00.000+08:00,NER,32014,370435,SG,SGSZ05
2018-01-06T00:00:00.000+08:00,NER,99796,1257439,SG,SGSZ06
2018-01-06T00:00:00.000+08:00,NER,22668,230364,SG,SGSZ07
2018-01-06T00:00:00.000+08:00,NER,20174,165563,SL,SLSZ01
2018-01-06T00:00:00.000+08:00,NER,23406,474117,SL,SLSZ03
2018-01-06T00:00:00.000+08:00,NER,37364,125658,SL,SLSZ04
2018-01-07T00:00:00.000+08:00,NER,21651,158618,AM,AMSZ01
2018-01-07T00:00:00.000+08:00,NER,63590,907011,AM,AMSZ02
2018-01-07T00:00:00.000+08:00,NER,54234,903963,AM,AMSZ03
2018-01-07T00:00:00.000+08:00,NER,45818,688060,AM,AMSZ04
2018-01-07T00:00:00.000+08:00,NER,26795,557616,AM,AMSZ05
2018-01-07T00:00:00.000+08:00,NER,25792,659042,AM,AMSZ06
2018-01-07T00:00:00.000+08:00,NER,17415,220502,AM,AMSZ07
2018-01-07T00:00:00.000+08:00,NER,31934,526547,AM,AMSZ08
2018-01-07T00:00:00.000+08:00,NER,28077,523762,AM,AMSZ09
2018-01-07T00:00:00.000+08:00,NER,58736,387495,AM,AMSZ10
2018-01-07T00:00:00.000+08:00,NER,18795,30208,AM,AMSZ11
2018-01-07T00:00:00.000+08:00,NER,45004,281615,AM,AMSZ12
2018-01-07T00:00:00.000+08:00,NER,27983,123348,HG,HGSZ01
2018-01-07T00:00:00.000+08:00,NER,49804,877248,HG,HGSZ02
2018-01-07T00:00:00.000+08:00,NER,28948,613340,HG,HGSZ03
2018-01-07T00:00:00.000+08:00,NER,53582,1319791,HG,HGSZ04
2018-01-07T00:00:00.000+08:00,NER,53086,1031804,HG,HGSZ05
2018-01-07T00:00:00.000+08:00,NER,17705,284942,HG,HGSZ06
2018-01-07T00:00:00.000+08:00,NER,78640,1675057,HG,HGSZ07
2018-01-07T00:00:00.000+08:00,NER,74637,1188728,HG,HGSZ08
2018-01-07T00:00:00.000+08:00,NER,15235,24021,HG,HGSZ09
2018-01-07T00:00:00.000+08:00,NER,9881,116101,NE,NESZ01
2018-01-07T00:00:00.000+08:00,NER,22544,564800,PG,PGSZ01
2018-01-07T00:00:00.000+08:00,NER,32319,414127,PG,PGSZ02
2018-01-07T00:00:00.000+08:00,NER,58039,950122,PG,PGSZ03
2018-01-07T00:00:00.000+08:00,NER,58081,1364437,PG,PGSZ04
2018-01-07T00:00:00.000+08:00,NER,23861,728730,PG,PGSZ05
2018-01-07T00:00:00.000+08:00,NER,55943,1080798,SE,SESZ02
2018-01-07T00:00:00.000+08:00,NER,80158,1665297,SE,SESZ03
2018-01-07T00:00:00.000+08:00,NER,45009,1030157,SE,SESZ04
2018-01-01T00:00:00.000+08:00,WR,36935,321694,BK,BKSZ01
2018-01-01T00:00:00.000+08:00,WR,32517,745116,BK,BKSZ02
2018-01-01T00:00:00.000+08:00,WR,9851,211710,BK,BKSZ04
2018-01-01T00:00:00.000+08:00,WR,20593,596238,BK,BKSZ05
2018-01-01T00:00:00.000+08:00,WR,29673,445916,BK,BKSZ06
2018-01-01T00:00:00.000+08:00,WR,59974,813545,BK,BKSZ07
2018-01-01T00:00:00.000+08:00,WR,24646,489665,BK,BKSZ08
2018-01-01T00:00:00.000+08:00,WR,45413,826835,BK,BKSZ09
2018-01-01T00:00:00.000+08:00,WR,28878,327999,BL,BLSZ01
2018-01-01T00:00:00.000+08:00,WR,24860,310458,BL,BLSZ02
2018-01-01T00:00:00.000+08:00,WR,8080,149027,BL,BLSZ03
2018-01-01T00:00:00.000+08:00,WR,3173,45197,BL,BLSZ04
2018-01-01T00:00:00.000+08:00,WR,29006,408394,BP,BPSZ01
2018-01-01T00:00:00.000+08:00,WR,32084,641104,BP,BPSZ02
2018-01-01T00:00:00.000+08:00,WR,26843,477476,BP,BPSZ03
2018-01-01T00:00:00.000+08:00,WR,64272,618439,BP,BPSZ04
2018-01-01T00:00:00.000+08:00,WR,35208,594664,BP,BPSZ05
2018-01-01T00:00:00.000+08:00,WR,9388,149562,BP,BPSZ06
2018-01-01T00:00:00.000+08:00,WR,8442,67019,BP,BPSZ07
2018-01-01T00:00:00.000+08:00,WR,29840,511337,CK,CKSZ01
2018-01-01T00:00:00.000+08:00,WR,24458,596248,CK,CKSZ02
2018-01-01T00:00:00.000+08:00,WR,34879,651798,CK,CKSZ03
2018-01-01T00:00:00.000+08:00,WR,39363,629485,CK,CKSZ04
2018-01-01T00:00:00.000+08:00,WR,43484,1007438,CK,CKSZ05
2018-01-01T00:00:00.000+08:00,WR,43039,902336,CK,CKSZ06
2018-01-01T00:00:00.000+08:00,WR,28130,660475,CL,CLSZ01
2018-01-01T00:00:00.000+08:00,WR,19742,265783,CL,CLSZ02
2018-01-01T00:00:00.000+08:00,WR,6488,100196,CL,CLSZ03
2018-01-01T00:00:00.000+08:00,WR,49338,850593,CL,CLSZ04
2018-01-01T00:00:00.000+08:00,WR,3800,101841,CL,CLSZ05
2018-01-01T00:00:00.000+08:00,WR,59261,608256,CL,CLSZ06
2018-01-01T00:00:00.000+08:00,WR,27520,354141,CL,CLSZ07
2018-01-01T00:00:00.000+08:00,WR,30627,581507,CL,CLSZ08
2018-01-01T00:00:00.000+08:00,WR,7185,130999,CL,CLSZ09
2018-01-01T00:00:00.000+08:00,WR,56793,563618,JE,JESZ01
2018-01-01T00:00:00.000+08:00,WR,57941,759629,JE,JESZ02
2018-01-01T00:00:00.000+08:00,WR,55296,622593,JE,JESZ03
2018-01-01T00:00:00.000+08:00,WR,44254,381374,JE,JESZ04
2018-01-01T00:00:00.000+08:00,WR,59786,553703,JE,JESZ05
2018-01-01T00:00:00.000+08:00,WR,23459,193470,JE,JESZ06
2018-01-01T00:00:00.000+08:00,WR,43724,1588336,JE,JESZ07
2018-01-01T00:00:00.000+08:00,WR,33408,545954,JE,JESZ08
2018-01-01T00:00:00.000+08:00,WR,4253,82268,JE,JESZ09
2018-01-01T00:00:00.000+08:00,WR,20502,316120,JE,JESZ10
2018-01-01T00:00:00.000+08:00,WR,23645,346569,JW,JWSZ01
2018-01-01T00:00:00.000+08:00,WR,63821,959413,JW,JWSZ02
2018-01-01T00:00:00.000+08:00,WR,58551,1462855,JW,JWSZ03
2018-01-01T00:00:00.000+08:00,WR,73545,1404857,JW,JWSZ04
2018-01-01T00:00:00.000+08:00,WR,17107,157550,JW,JWSZ05
2018-01-01T00:00:00.000+08:00,WR,50686,1064588,JW,JWSZ06
2018-01-01T00:00:00.000+08:00,WR,2093,17971,JW,JWSZ07
2018-01-01T00:00:00.000+08:00,WR,73799,2042519,JW,JWSZ08
2018-01-01T00:00:00.000+08:00,WR,107478,2351415,JW,JWSZ09
2018-01-01T00:00:00.000+08:00,WR,45078,580462,PN,PNSZ01
2018-01-01T00:00:00.000+08:00,WR,12365,343630,PN,PNSZ02
2018-01-01T00:00:00.000+08:00,WR,14010,159161,PN,PNSZ03
2018-01-01T00:00:00.000+08:00,WR,4564,109802,PN,PNSZ04
2018-01-01T00:00:00.000+08:00,WR,7428,212730,PN,PNSZ05
2018-01-01T00:00:00.000+08:00,WR,2890,19643,TH,THSZ01
2018-01-01T00:00:00.000+08:00,WR,2230,9646,TS,TSSZ01
2018-01-01T00:00:00.000+08:00,WR,49199,1031156,TS,TSSZ02
2018-01-01T00:00:00.000+08:00,WR,21979,408663,TS,TSSZ03
2018-01-01T00:00:00.000+08:00,WR,17973,342629,TS,TSSZ04
2018-01-01T00:00:00.000+08:00,WR,39470,1379965,TS,TSSZ05
2018-01-01T00:00:00.000+08:00,WR,37639,1873278,TS,TSSZ06
2018-01-01T00:00:00.000+08:00,WR,60345,2006724,WC,WCSZ01
2018-01-01T00:00:00.000+08:00,WR,26970,561407,WI,WISZ01
2018-01-01T00:00:00.000+08:00,WR,821,14957,WI,WISZ02
2018-01-02T00:00:00.000+08:00,WR,39909,331880,BK,BKSZ01
2018-01-02T00:00:00.000+08:00,WR,40380,752240,BK,BKSZ02
2018-01-02T00:00:00.000+08:00,WR,12092,203155,BK,BKSZ04
2018-01-02T00:00:00.000+08:00,WR,24777,556358,BK,BKSZ05
2018-01-02T00:00:00.000+08:00,WR,41152,449352,BK,BKSZ06
2018-01-02T00:00:00.000+08:00,WR,71599,799331,BK,BKSZ07
2018-01-02T00:00:00.000+08:00,WR,26029,441441,BK,BKSZ08
2018-01-02T00:00:00.000+08:00,WR,66091,880744,BK,BKSZ09
2018-01-02T00:00:00.000+08:00,WR,58236,436109,BL,BLSZ01
2018-01-02T00:00:00.000+08:00,WR,54085,514168,BL,BLSZ02
2018-01-02T00:00:00.000+08:00,WR,28048,365245,BL,BLSZ03
2018-01-02T00:00:00.000+08:00,WR,15084,179531,BL,BLSZ04
2018-01-02T00:00:00.000+08:00,WR,34991,399057,BP,BPSZ01
2018-01-02T00:00:00.000+08:00,WR,33546,582431,BP,BPSZ02
2018-01-02T00:00:00.000+08:00,WR,34815,437331,BP,BPSZ03
2018-01-02T00:00:00.000+08:00,WR,81842,645847,BP,BPSZ04
2018-01-02T00:00:00.000+08:00,WR,36812,553937,BP,BPSZ05
2018-01-02T00:00:00.000+08:00,WR,13057,154880,BP,BPSZ06
2018-01-02T00:00:00.000+08:00,WR,11533,69406,BP,BPSZ07
2018-01-02T00:00:00.000+08:00,WR,32744,482317,CK,CKSZ01
2018-01-02T00:00:00.000+08:00,WR,27929,542703,CK,CKSZ02
2018-01-02T00:00:00.000+08:00,WR,40032,621028,CK,CKSZ03
2018-01-02T00:00:00.000+08:00,WR,55451,612922,CK,CKSZ04
2018-01-02T00:00:00.000+08:00,WR,55598,944949,CK,CKSZ05
2018-01-02T00:00:00.000+08:00,WR,43091,782569,CK,CKSZ06
2018-01-02T00:00:00.000+08:00,WR,40125,619674,CL,CLSZ01
2018-01-02T00:00:00.000+08:00,WR,33114,276415,CL,CLSZ02
2018-01-02T00:00:00.000+08:00,WR,9493,99163,CL,CLSZ03
2018-01-02T00:00:00.000+08:00,WR,70947,856205,CL,CLSZ04
2018-01-02T00:00:00.000+08:00,WR,4909,94295,CL,CLSZ05
2018-01-02T00:00:00.000+08:00,WR,75083,609503,CL,CLSZ06
2018-01-02T00:00:00.000+08:00,WR,40563,365395,CL,CLSZ07
2018-01-02T00:00:00.000+08:00,WR,47399,623947,CL,CLSZ08
2018-01-02T00:00:00.000+08:00,WR,15285,229603,CL,CLSZ09
2018-01-02T00:00:00.000+08:00,WR,60980,520316,JE,JESZ01
2018-01-02T00:00:00.000+08:00,WR,53681,670784,JE,JESZ02
2018-01-02T00:00:00.000+08:00,WR,57252,565622,JE,JESZ03
2018-01-02T00:00:00.000+08:00,WR,55574,363344,JE,JESZ04
2018-01-02T00:00:00.000+08:00,WR,54463,519669,JE,JESZ05
2018-01-02T00:00:00.000+08:00,WR,38079,342707,JE,JESZ06
2018-01-02T00:00:00.000+08:00,WR,50949,1152205,JE,JESZ07
2018-01-02T00:00:00.000+08:00,WR,48007,567069,JE,JESZ08
2018-01-02T00:00:00.000+08:00,WR,10487,138977,JE,JESZ09
2018-01-02T00:00:00.000+08:00,WR,40053,596896,JE,JESZ10
2018-01-02T00:00:00.000+08:00,WR,37259,374788,JW,JWSZ01
2018-01-02T00:00:00.000+08:00,WR,67234,882563,JW,JWSZ02
2018-01-02T00:00:00.000+08:00,WR,76460,1371607,JW,JWSZ03
2018-01-02T00:00:00.000+08:00,WR,85263,1308199,JW,JWSZ04
2018-01-02T00:00:00.000+08:00,WR,27938,246444,JW,JWSZ05
2018-01-02T00:00:00.000+08:00,WR,67646,969149,JW,JWSZ06
2018-01-02T00:00:00.000+08:00,WR,3110,25850,JW,JWSZ07
2018-01-02T00:00:00.000+08:00,WR,94095,1821164,JW,JWSZ08
2018-01-02T00:00:00.000+08:00,WR,119471,2054580,JW,JWSZ09
2018-01-02T00:00:00.000+08:00,WR,97953,909172,PN,PNSZ01
2018-01-02T00:00:00.000+08:00,WR,31937,579867,PN,PNSZ02
2018-01-02T00:00:00.000+08:00,WR,41699,387276,PN,PNSZ03
2018-01-02T00:00:00.000+08:00,WR,14140,249400,PN,PNSZ04
2018-01-02T00:00:00.000+08:00,WR,23817,584677,PN,PNSZ05
2018-01-02T00:00:00.000+08:00,WR,4088,25605,TH,THSZ01
2018-01-02T00:00:00.000+08:00,WR,4440,18068,TS,TSSZ01
2018-01-02T00:00:00.000+08:00,WR,67337,939577,TS,TSSZ02
2018-01-02T00:00:00.000+08:00,WR,44063,748923,TS,TSSZ03
2018-01-02T00:00:00.000+08:00,WR,43139,741145,TS,TSSZ04
2018-01-02T00:00:00.000+08:00,WR,58664,1409470,TS,TSSZ05
2018-01-02T00:00:00.000+08:00,WR,50899,2038222,TS,TSSZ06
2018-01-02T00:00:00.000+08:00,WR,85316,1792080,WC,WCSZ01
2018-01-02T00:00:00.000+08:00,WR,64722,1468037,WI,WISZ01
2018-01-02T00:00:00.000+08:00,WR,859,12762,WI,WISZ02
2018-01-03T00:00:00.000+08:00,WR,40072,337713,BK,BKSZ01
2018-01-03T00:00:00.000+08:00,WR,40167,751036,BK,BKSZ02
2018-01-03T00:00:00.000+08:00,WR,11657,206433,BK,BKSZ04
2018-01-03T00:00:00.000+08:00,WR,26071,561387,BK,BKSZ05
2018-01-03T00:00:00.000+08:00,WR,38919,445025,BK,BKSZ06
2018-01-03T00:00:00.000+08:00,WR,73287,806882,BK,BKSZ07
2018-01-03T00:00:00.000+08:00,WR,27435,445612,BK,BKSZ08
2018-01-03T00:00:00.000+08:00,WR,67096,889196,BK,BKSZ09
2018-01-03T00:00:00.000+08:00,WR,61729,441798,BL,BLSZ01
2018-01-03T00:00:00.000+08:00,WR,54393,541646,BL,BLSZ02
2018-01-03T00:00:00.000+08:00,WR,30328,374273,BL,BLSZ03
2018-01-03T00:00:00.000+08:00,WR,15328,190354,BL,BLSZ04
2018-01-03T00:00:00.000+08:00,WR,34061,398135,BP,BPSZ01
2018-01-03T00:00:00.000+08:00,WR,33645,581156,BP,BPSZ02
2018-01-03T00:00:00.000+08:00,WR,34830,435814,BP,BPSZ03
2018-01-03T00:00:00.000+08:00,WR,83334,653125,BP,BPSZ04
2018-01-03T00:00:00.000+08:00,WR,37781,553808,BP,BPSZ05
2018-01-03T00:00:00.000+08:00,WR,13096,154378,BP,BPSZ06
2018-01-03T00:00:00.000+08:00,WR,11409,69320,BP,BPSZ07
2018-01-03T00:00:00.000+08:00,WR,31223,482444,CK,CKSZ01
2018-01-03T00:00:00.000+08:00,WR,27971,542358,CK,CKSZ02
2018-01-03T00:00:00.000+08:00,WR,39902,624783,CK,CKSZ03
2018-01-03T00:00:00.000+08:00,WR,53282,603265,CK,CKSZ04
2018-01-03T00:00:00.000+08:00,WR,54744,937070,CK,CKSZ05
2018-01-03T00:00:00.000+08:00,WR,44049,769530,CK,CKSZ06
2018-01-03T00:00:00.000+08:00,WR,39297,617724,CL,CLSZ01
2018-01-03T00:00:00.000+08:00,WR,31990,279584,CL,CLSZ02
2018-01-03T00:00:00.000+08:00,WR,9808,99256,CL,CLSZ03
2018-01-03T00:00:00.000+08:00,WR,69293,864240,CL,CLSZ04
2018-01-03T00:00:00.000+08:00,WR,5133,92051,CL,CLSZ05
2018-01-03T00:00:00.000+08:00,WR,76942,618265,CL,CLSZ06
2018-01-03T00:00:00.000+08:00,WR,42260,368180,CL,CLSZ07
2018-01-03T00:00:00.000+08:00,WR,50603,635388,CL,CLSZ08
2018-01-03T00:00:00.000+08:00,WR,16652,239883,CL,CLSZ09
2018-01-03T00:00:00.000+08:00,WR,60768,519491,JE,JESZ01
2018-01-03T00:00:00.000+08:00,WR,54953,672914,JE,JESZ02
2018-01-03T00:00:00.000+08:00,WR,58663,573190,JE,JESZ03
2018-01-03T00:00:00.000+08:00,WR,54165,366494,JE,JESZ04
2018-01-03T00:00:00.000+08:00,WR,55785,533948,JE,JESZ05
2018-01-03T00:00:00.000+08:00,WR,39708,352354,JE,JESZ06
2018-01-03T00:00:00.000+08:00,WR,51808,1129245,JE,JESZ07
2018-01-03T00:00:00.000+08:00,WR,51604,574769,JE,JESZ08
2018-01-03T00:00:00.000+08:00,WR,10078,135760,JE,JESZ09
2018-01-03T00:00:00.000+08:00,WR,40288,617607,JE,JESZ10
2018-01-03T00:00:00.000+08:00,WR,38443,380364,JW,JWSZ01
2018-01-03T00:00:00.000+08:00,WR,68143,885878,JW,JWSZ02
2018-01-03T00:00:00.000+08:00,WR,78417,1373242,JW,JWSZ03
2018-01-03T00:00:00.000+08:00,WR,83630,1314442,JW,JWSZ04
2018-01-03T00:00:00.000+08:00,WR,29109,251559,JW,JWSZ05
2018-01-03T00:00:00.000+08:00,WR,68240,976397,JW,JWSZ06
2018-01-03T00:00:00.000+08:00,WR,3106,27684,JW,JWSZ07
2018-01-03T00:00:00.000+08:00,WR,96480,1826430,JW,JWSZ08
2018-01-03T00:00:00.000+08:00,WR,114499,2051830,JW,JWSZ09
2018-01-03T00:00:00.000+08:00,WR,97613,955315,PN,PNSZ01
2018-01-03T00:00:00.000+08:00,WR,33980,607682,PN,PNSZ02
2018-01-03T00:00:00.000+08:00,WR,46701,409860,PN,PNSZ03
2018-01-03T00:00:00.000+08:00,WR,14865,258012,PN,PNSZ04
2018-01-03T00:00:00.000+08:00,WR,24682,603572,PN,PNSZ05
2018-01-03T00:00:00.000+08:00,WR,4246,25435,TH,THSZ01
2018-01-03T00:00:00.000+08:00,WR,4593,19038,TS,TSSZ01
2018-01-03T00:00:00.000+08:00,WR,65125,939184,TS,TSSZ02
2018-01-03T00:00:00.000+08:00,WR,45811,788819,TS,TSSZ03
2018-01-03T00:00:00.000+08:00,WR,44967,767140,TS,TSSZ04
2018-01-03T00:00:00.000+08:00,WR,57862,1424037,TS,TSSZ05
2018-01-03T00:00:00.000+08:00,WR,51318,2048767,TS,TSSZ06
2018-01-03T00:00:00.000+08:00,WR,89797,1825295,WC,WCSZ01
2018-01-03T00:00:00.000+08:00,WR,63833,1534262,WI,WISZ01
2018-01-03T00:00:00.000+08:00,WR,863,13042,WI,WISZ02
2018-01-05T00:00:00.000+08:00,WR,44985,336817,BK,BKSZ01
2018-01-05T00:00:00.000+08:00,WR,39772,735467,BK,BKSZ02
2018-01-05T00:00:00.000+08:00,WR,11919,204757,BK,BKSZ04
2018-01-05T00:00:00.000+08:00,WR,25381,561138,BK,BKSZ05
2018-01-05T00:00:00.000+08:00,WR,41823,447856,BK,BKSZ06
2018-01-05T00:00:00.000+08:00,WR,74176,799409,BK,BKSZ07
2018-01-05T00:00:00.000+08:00,WR,28284,443135,BK,BKSZ08
2018-01-05T00:00:00.000+08:00,WR,67736,882475,BK,BKSZ09
2018-01-05T00:00:00.000+08:00,WR,53978,347605,BL,BLSZ01
2018-01-05T00:00:00.000+08:00,WR,60526,571219,BL,BLSZ02
2018-01-05T00:00:00.000+08:00,WR,29954,367604,BL,BLSZ03
2018-01-05T00:00:00.000+08:00,WR,15205,193425,BL,BLSZ04
2018-01-05T00:00:00.000+08:00,WR,35686,396028,BP,BPSZ01
2018-01-05T00:00:00.000+08:00,WR,34717,570669,BP,BPSZ02
2018-01-05T00:00:00.000+08:00,WR,35143,424023,BP,BPSZ03
2018-01-05T00:00:00.000+08:00,WR,88495,656114,BP,BPSZ04
2018-01-05T00:00:00.000+08:00,WR,37453,540039,BP,BPSZ05
2018-01-05T00:00:00.000+08:00,WR,13045,154871,BP,BPSZ06
2018-01-05T00:00:00.000+08:00,WR,12115,69069,BP,BPSZ07
2018-01-05T00:00:00.000+08:00,WR,34013,472731,CK,CKSZ01
2018-01-05T00:00:00.000+08:00,WR,28627,536292,CK,CKSZ02
2018-01-05T00:00:00.000+08:00,WR,41260,619603,CK,CKSZ03
2018-01-05T00:00:00.000+08:00,WR,55451,599409,CK,CKSZ04
2018-01-05T00:00:00.000+08:00,WR,56369,922392,CK,CKSZ05
2018-01-05T00:00:00.000+08:00,WR,44044,771248,CK,CKSZ06
2018-01-05T00:00:00.000+08:00,WR,41253,619639,CL,CLSZ01
2018-01-05T00:00:00.000+08:00,WR,36435,283034,CL,CLSZ02
2018-01-05T00:00:00.000+08:00,WR,10647,99284,CL,CLSZ03
2018-01-05T00:00:00.000+08:00,WR,68850,849393,CL,CLSZ04
2018-01-05T00:00:00.000+08:00,WR,5081,94119,CL,CLSZ05
2018-01-05T00:00:00.000+08:00,WR,89722,651845,CL,CLSZ06
2018-01-05T00:00:00.000+08:00,WR,43733,378907,CL,CLSZ07
2018-01-05T00:00:00.000+08:00,WR,48893,628559,CL,CLSZ08
2018-01-05T00:00:00.000+08:00,WR,16466,240326,CL,CLSZ09
2018-01-05T00:00:00.000+08:00,WR,67149,521671,JE,JESZ01
2018-01-05T00:00:00.000+08:00,WR,57569,665014,JE,JESZ02
2018-01-05T00:00:00.000+08:00,WR,59746,586200,JE,JESZ03
2018-01-05T00:00:00.000+08:00,WR,57067,352904,JE,JESZ04
2018-01-05T00:00:00.000+08:00,WR,60314,583695,JE,JESZ05
2018-01-05T00:00:00.000+08:00,WR,39347,353873,JE,JESZ06
2018-01-05T00:00:00.000+08:00,WR,71159,1289601,JE,JESZ07
2018-01-05T00:00:00.000+08:00,WR,51052,568659,JE,JESZ08
2018-01-05T00:00:00.000+08:00,WR,10431,133558,JE,JESZ09
2018-01-05T00:00:00.000+08:00,WR,42298,599577,JE,JESZ10
2018-01-05T00:00:00.000+08:00,WR,39691,376466,JW,JWSZ01
2018-01-05T00:00:00.000+08:00,WR,72270,891275,JW,JWSZ02
2018-01-05T00:00:00.000+08:00,WR,80258,1359281,JW,JWSZ03
2018-01-05T00:00:00.000+08:00,WR,87202,1290859,JW,JWSZ04
2018-01-05T00:00:00.000+08:00,WR,29931,258719,JW,JWSZ05
2018-01-05T00:00:00.000+08:00,WR,73374,1004426,JW,JWSZ06
2018-01-05T00:00:00.000+08:00,WR,3422,26877,JW,JWSZ07
2018-01-05T00:00:00.000+08:00,WR,97439,1790764,JW,JWSZ08
2018-01-05T00:00:00.000+08:00,WR,122693,2077549,JW,JWSZ09
2018-01-05T00:00:00.000+08:00,WR,108379,975430,PN,PNSZ01
2018-01-05T00:00:00.000+08:00,WR,36175,604457,PN,PNSZ02
2018-01-05T00:00:00.000+08:00,WR,47814,416397,PN,PNSZ03
2018-01-05T00:00:00.000+08:00,WR,15683,262942,PN,PNSZ04
2018-01-05T00:00:00.000+08:00,WR,25635,589806,PN,PNSZ05
2018-01-05T00:00:00.000+08:00,WR,4454,25425,TH,THSZ01
2018-01-05T00:00:00.000+08:00,WR,4516,19580,TS,TSSZ01
2018-01-05T00:00:00.000+08:00,WR,73574,1008827,TS,TSSZ02
2018-01-05T00:00:00.000+08:00,WR,43594,739036,TS,TSSZ03
2018-01-05T00:00:00.000+08:00,WR,45862,769210,TS,TSSZ04
2018-01-05T00:00:00.000+08:00,WR,58988,1420559,TS,TSSZ05
2018-01-05T00:00:00.000+08:00,WR,53332,2061670,TS,TSSZ06
2018-01-05T00:00:00.000+08:00,WR,94831,1838009,WC,WCSZ01
2018-01-05T00:00:00.000+08:00,WR,65965,1552581,WI,WISZ01
2018-01-05T00:00:00.000+08:00,WR,887,12867,WI,WISZ02
2018-01-06T00:00:00.000+08:00,WR,41251,346295,BK,BKSZ01
2018-01-06T00:00:00.000+08:00,WR,40037,791913,BK,BKSZ02
2018-01-06T00:00:00.000+08:00,WR,11638,225030,BK,BKSZ04
2018-01-06T00:00:00.000+08:00,WR,24801,626681,BK,BKSZ05
2018-01-06T00:00:00.000+08:00,WR,40156,482513,BK,BKSZ06
2018-01-06T00:00:00.000+08:00,WR,70787,840848,BK,BKSZ07
2018-01-06T00:00:00.000+08:00,WR,29061,499315,BK,BKSZ08
2018-01-06T00:00:00.000+08:00,WR,61259,833362,BK,BKSZ09
2018-01-06T00:00:00.000+08:00,WR,47868,365626,BL,BLSZ01
2018-01-06T00:00:00.000+08:00,WR,42715,439135,BL,BLSZ02
2018-01-06T00:00:00.000+08:00,WR,19382,254225,BL,BLSZ03
2018-01-06T00:00:00.000+08:00,WR,10657,122224,BL,BLSZ04
2018-01-06T00:00:00.000+08:00,WR,34355,422699,BP,BPSZ01
2018-01-06T00:00:00.000+08:00,WR,35390,634979,BP,BPSZ02
2018-01-06T00:00:00.000+08:00,WR,35300,479519,BP,BPSZ03
2018-01-06T00:00:00.000+08:00,WR,89652,696449,BP,BPSZ04
2018-01-06T00:00:00.000+08:00,WR,37263,555659,BP,BPSZ05
2018-01-01T00:00:00.000+08:00,ER,76766,2256239,BD,BDSZ01
2018-01-01T00:00:00.000+08:00,ER,27968,543293,BD,BDSZ02
2018-01-01T00:00:00.000+08:00,ER,62330,1262994,BD,BDSZ03
2018-01-01T00:00:00.000+08:00,ER,112486,2435084,BD,BDSZ04
2018-01-01T00:00:00.000+08:00,ER,79718,1665677,BD,BDSZ05
2018-01-01T00:00:00.000+08:00,ER,75349,1486507,BD,BDSZ06
2018-01-01T00:00:00.000+08:00,ER,21507,253838,BD,BDSZ07
2018-01-01T00:00:00.000+08:00,ER,39960,358559,BD,BDSZ08
2018-01-01T00:00:00.000+08:00,ER,6106,48114,CB,CBSZ01
2018-01-01T00:00:00.000+08:00,ER,14695,187520,CH,CHSZ01
2018-01-01T00:00:00.000+08:00,ER,38671,460875,CH,CHSZ02
2018-01-01T00:00:00.000+08:00,ER,156063,2500369,CH,CHSZ03
2018-01-01T00:00:00.000+08:00,ER,27003,182939,PL,PLSZ01
2018-01-01T00:00:00.000+08:00,ER,22869,286682,PL,PLSZ02
2018-01-01T00:00:00.000+08:00,ER,18182,140863,PL,PLSZ03
2018-01-01T00:00:00.000+08:00,ER,13300,175967,PL,PLSZ04
2018-01-01T00:00:00.000+08:00,ER,8897,68595,PL,PLSZ05
2018-01-01T00:00:00.000+08:00,ER,16524,137275,PR,PRSZ01
2018-01-01T00:00:00.000+08:00,ER,36765,803548,PR,PRSZ02
2018-01-01T00:00:00.000+08:00,ER,45078,999354,PR,PRSZ03
2018-01-01T00:00:00.000+08:00,ER,12147,242874,PR,PRSZ04
2018-01-01T00:00:00.000+08:00,ER,52056,1398084,PR,PRSZ05
2018-01-01T00:00:00.000+08:00,ER,14216,285742,PR,PRSZ06
2018-01-01T00:00:00.000+08:00,ER,1046,32098,PR,PRSZ07
2018-01-01T00:00:00.000+08:00,ER,9986,315919,PR,PRSZ08
2018-01-01T00:00:00.000+08:00,ER,7772,46340,TM,TMSZ01
2018-01-01T00:00:00.000+08:00,ER,119565,2980726,TM,TMSZ02
2018-01-01T00:00:00.000+08:00,ER,75846,2096217,TM,TMSZ03
2018-01-01T00:00:00.000+08:00,ER,93999,1710955,TM,TMSZ04
2018-01-01T00:00:00.000+08:00,ER,83751,843338,TM,TMSZ05
2018-01-02T00:00:00.000+08:00,ER,103014,2103480,BD,BDSZ01
2018-01-02T00:00:00.000+08:00,ER,33187,507015,BD,BDSZ02
2018-01-02T00:00:00.000+08:00,ER,71277,1267047,BD,BDSZ03
2018-01-02T00:00:00.000+08:00,ER,134958,2375364,BD,BDSZ04
2018-01-02T00:00:00.000+08:00,ER,88611,1679162,BD,BDSZ05
2018-01-02T00:00:00.000+08:00,ER,92174,1493921,BD,BDSZ06
2018-01-02T00:00:00.000+08:00,ER,18544,202460,BD,BDSZ07
2018-01-02T00:00:00.000+08:00,ER,53197,379698,BD,BDSZ08
2018-01-02T00:00:00.000+08:00,ER,9515,86333,CB,CBSZ01
2018-01-02T00:00:00.000+08:00,ER,12501,150957,CH,CHSZ01
2018-01-02T00:00:00.000+08:00,ER,49726,652964,CH,CHSZ02
2018-01-02T00:00:00.000+08:00,ER,178736,3108349,CH,CHSZ03
2018-01-02T00:00:00.000+08:00,ER,35216,231235,PL,PLSZ01
2018-01-02T00:00:00.000+08:00,ER,33400,283165,PL,PLSZ02
2018-01-02T00:00:00.000+08:00,ER,26611,174147,PL,PLSZ03
2018-01-02T00:00:00.000+08:00,ER,20521,218012,PL,PLSZ04
2018-01-02T00:00:00.000+08:00,ER,19366,149407,PL,PLSZ05
2018-01-02T00:00:00.000+08:00,ER,26596,187963,PR,PRSZ01
2018-01-02T00:00:00.000+08:00,ER,45495,755495,PR,PRSZ02
2018-01-02T00:00:00.000+08:00,ER,53698,972306,PR,PRSZ03
2018-01-02T00:00:00.000+08:00,ER,8643,185910,PR,PRSZ04
2018-01-02T00:00:00.000+08:00,ER,61865,1298916,PR,PRSZ05
2018-01-02T00:00:00.000+08:00,ER,22361,432651,PR,PRSZ06
2018-01-02T00:00:00.000+08:00,ER,1457,34895,PR,PRSZ07
2018-01-02T00:00:00.000+08:00,ER,11125,276288,PR,PRSZ08
2018-01-02T00:00:00.000+08:00,ER,4208,37395,TM,TMSZ01
2018-01-02T00:00:00.000+08:00,ER,134536,2880313,TM,TMSZ02
2018-01-02T00:00:00.000+08:00,ER,94912,2077052,TM,TMSZ03
2018-01-02T00:00:00.000+08:00,ER,123923,1832729,TM,TMSZ04
2018-01-02T00:00:00.000+08:00,ER,119599,1487350,TM,TMSZ05
2018-01-03T00:00:00.000+08:00,ER,101840,2101802,BD,BDSZ01
2018-01-03T00:00:00.000+08:00,ER,32608,511983,BD,BDSZ02
2018-01-03T00:00:00.000+08:00,ER,72306,1281166,BD,BDSZ03
2018-01-03T00:00:00.000+08:00,ER,134043,2393780,BD,BDSZ04
2018-01-03T00:00:00.000+08:00,ER,91344,1700352,BD,BDSZ05
2018-01-03T00:00:00.000+08:00,ER,91255,1504081,BD,BDSZ06
2018-01-03T00:00:00.000+08:00,ER,19802,206585,BD,BDSZ07
2018-01-03T00:00:00.000+08:00,ER,53360,397035,BD,BDSZ08
2018-01-03T00:00:00.000+08:00,ER,9681,91329,CB,CBSZ01
2018-01-03T00:00:00.000+08:00,ER,13376,157806,CH,CHSZ01
2018-01-03T00:00:00.000+08:00,ER,49472,677090,CH,CHSZ02
2018-01-03T00:00:00.000+08:00,ER,171607,3102810,CH,CHSZ03
2018-01-03T00:00:00.000+08:00,ER,37380,236880,PL,PLSZ01
2018-01-03T00:00:00.000+08:00,ER,34466,286550,PL,PLSZ02
2018-01-03T00:00:00.000+08:00,ER,28229,179435,PL,PLSZ03
2018-01-03T00:00:00.000+08:00,ER,22486,223856,PL,PLSZ04
2018-01-03T00:00:00.000+08:00,ER,19629,152165,PL,PLSZ05
2018-01-03T00:00:00.000+08:00,ER,27432,190280,PR,PRSZ01
2018-01-03T00:00:00.000+08:00,ER,46216,769477,PR,PRSZ02
2018-01-03T00:00:00.000+08:00,ER,55559,988779,PR,PRSZ03
2018-01-03T00:00:00.000+08:00,ER,8028,175582,PR,PRSZ04
2018-01-03T00:00:00.000+08:00,ER,61329,1306090,PR,PRSZ05
2018-01-03T00:00:00.000+08:00,ER,22695,462852,PR,PRSZ06
2018-01-03T00:00:00.000+08:00,ER,1581,35018,PR,PRSZ07
2018-01-03T00:00:00.000+08:00,ER,11904,280626,PR,PRSZ08
2018-01-03T00:00:00.000+08:00,ER,3983,37130,TM,TMSZ01
2018-01-03T00:00:00.000+08:00,ER,140555,2888533,TM,TMSZ02
2018-01-03T00:00:00.000+08:00,ER,96972,2068154,TM,TMSZ03
2018-01-03T00:00:00.000+08:00,ER,123402,1866995,TM,TMSZ04
2018-01-03T00:00:00.000+08:00,ER,121866,1560562,TM,TMSZ05
2018-01-04T00:00:00.000+08:00,ER,102823,2121483,BD,BDSZ01
2018-01-04T00:00:00.000+08:00,ER,34953,510855,BD,BDSZ02
2018-01-04T00:00:00.000+08:00,ER,73260,1285508,BD,BDSZ03
2018-01-04T00:00:00.000+08:00,ER,138141,2418933,BD,BDSZ04
2018-01-04T00:00:00.000+08:00,ER,90658,1710621,BD,BDSZ05
2018-01-04T00:00:00.000+08:00,ER,91213,1505529,BD,BDSZ06
2018-01-04T00:00:00.000+08:00,ER,19913,209899,BD,BDSZ07
2018-01-04T00:00:00.000+08:00,ER,54802,398261,BD,BDSZ08
2018-01-04T00:00:00.000+08:00,ER,9746,95251,CB,CBSZ01
2018-01-04T00:00:00.000+08:00,ER,13661,163597,CH,CHSZ01
2018-01-04T00:00:00.000+08:00,ER,48974,669136,CH,CHSZ02
2018-01-04T00:00:00.000+08:00,ER,167666,3109793,CH,CHSZ03
2018-01-04T00:00:00.000+08:00,ER,36407,237943,PL,PLSZ01
2018-01-04T00:00:00.000+08:00,ER,34295,289358,PL,PLSZ02
2018-01-04T00:00:00.000+08:00,ER,28742,179136,PL,PLSZ03
2018-01-04T00:00:00.000+08:00,ER,22939,230476,PL,PLSZ04
2018-01-04T00:00:00.000+08:00,ER,19863,155767,PL,PLSZ05
2018-01-04T00:00:00.000+08:00,ER,27570,193154,PR,PRSZ01
2018-01-04T00:00:00.000+08:00,ER,47574,784485,PR,PRSZ02
2018-01-04T00:00:00.000+08:00,ER,56639,972266,PR,PRSZ03
2018-01-04T00:00:00.000+08:00,ER,9941,194200,PR,PRSZ04
2018-01-04T00:00:00.000+08:00,ER,62783,1305882,PR,PRSZ05
2018-01-04T00:00:00.000+08:00,ER,22970,479637,PR,PRSZ06
2018-01-04T00:00:00.000+08:00,ER,1584,36339,PR,PRSZ07
2018-01-04T00:00:00.000+08:00,ER,11861,287277,PR,PRSZ08
2018-01-04T00:00:00.000+08:00,ER,3870,36935,TM,TMSZ01
2018-01-04T00:00:00.000+08:00,ER,140391,2912894,TM,TMSZ02
2018-01-04T00:00:00.000+08:00,ER,100197,2097325,TM,TMSZ03
2018-01-04T00:00:00.000+08:00,ER,122124,1887751,TM,TMSZ04
2018-01-04T00:00:00.000+08:00,ER,124200,1618878,TM,TMSZ05
2018-01-05T00:00:00.000+08:00,ER,107741,2081730,BD,BDSZ01
2018-01-05T00:00:00.000+08:00,ER,35185,506107,BD,BDSZ02
2018-01-05T00:00:00.000+08:00,ER,75674,1282428,BD,BDSZ03
2018-01-05T00:00:00.000+08:00,ER,138460,2407799,BD,BDSZ04
2018-01-05T00:00:00.000+08:00,ER,98271,1721442,BD,BDSZ05
2018-01-05T00:00:00.000+08:00,ER,95652,1503140,BD,BDSZ06
2018-01-05T00:00:00.000+08:00,ER,20971,212756,BD,BDSZ07
2018-01-05T00:00:00.000+08:00,ER,59108,406110,BD,BDSZ08
2018-01-05T00:00:00.000+08:00,ER,9513,83145,CB,CBSZ01
2018-01-05T00:00:00.000+08:00,ER,15082,171914,CH,CHSZ01
2018-01-05T00:00:00.000+08:00,ER,49731,666523,CH,CHSZ02
2018-01-05T00:00:00.000+08:00,ER,172936,3151440,CH,CHSZ03
2018-01-05T00:00:00.000+08:00,ER,37791,242550,PL,PLSZ01
2018-01-05T00:00:00.000+08:00,ER,34470,288480,PL,PLSZ02
2018-01-05T00:00:00.000+08:00,ER,30108,182382,PL,PLSZ03
2018-01-05T00:00:00.000+08:00,ER,17792,174785,PL,PLSZ04
2018-01-05T00:00:00.000+08:00,ER,22363,161919,PL,PLSZ05
2018-01-05T00:00:00.000+08:00,ER,27138,193042,PR,PRSZ01
2018-01-05T00:00:00.000+08:00,ER,49966,782258,PR,PRSZ02
2018-01-05T00:00:00.000+08:00,ER,55489,952119,PR,PRSZ03
2018-01-05T00:00:00.000+08:00,ER,11831,210048,PR,PRSZ04
2018-01-05T00:00:00.000+08:00,ER,63297,1278432,PR,PRSZ05
2018-01-05T00:00:00.000+08:00,ER,23505,472329,PR,PRSZ06
